id,name,census_geoid,validThrough
ocd-division/country:us/state:ak/cd:at-large,Alaska's at-large congressional district,,
ocd-division/country:us/state:al/cd:1,Alabama's 1st congressional district,cd-0101,
ocd-division/country:us/state:al/cd:2,Alabama's 2nd congressional district,cd-0102,
ocd-division/country:us/state:al/cd:3,Alabama's 3rd congressional district,cd-0103,
ocd-division/country:us/state:al/cd:4,Alabama's 4th congressional district,cd-0104,
ocd-division/country:us/state:al/cd:5,Alabama's 5th congressional district,cd-0105,
ocd-division/country:us/state:al/cd:6,Alabama's 6th congressional district,cd-0106,
ocd-division/country:us/state:al/cd:7,Alabama's 7th congressional district,cd-0107,
ocd-division/country:us/state:ar/cd:1,Arkansas's 1st congressional district,cd-0501,
ocd-division/country:us/state:ar/cd:2,Arkansas's 2nd congressional district,cd-0502,
ocd-division/country:us/state:ar/cd:3,Arkansas's 3rd congressional district,cd-0503,
ocd-division/country:us/state:ar/cd:4,Arkansas's 4th congressional district,cd-0504,
ocd-division/country:us/state:az/cd:1,Arizona's 1st congressional district,cd-0401,
ocd-division/country:us/state:az/cd:2,Arizona's 2nd congressional district,cd-0402,
ocd-division/country:us/state:az/cd:3,Arizona's 3rd congressional district,cd-0403,
ocd-division/country:us/state:az/cd:4,Arizona's 4th congressional district,cd-0404,
ocd-division/country:us/state:az/cd:5,Arizona's 5th congressional district,cd-0405,
ocd-division/country:us/state:az/cd:6,Arizona's 6th congressional district,cd-0406,
ocd-division/country:us/state:az/cd:7,Arizona's 7th congressional district,cd-0407,
ocd-division/country:us/state:az/cd:8,Arizona's 8th congressional district,cd-0408,
ocd-division/country:us/state:az/cd:9,Arizona's 9th congressional district,cd-0409,
ocd-division/country:us/state:ca/cd:10,California's 10th congressional district,cd-0610,
ocd-division/country:us/state:ca/cd:11,California's 11th congressional district,cd-0611,
ocd-division/country:us/state:ca/cd:12,California's 12th congressional district,cd-0612,
ocd-division/country:us/state:ca/cd:13,California's 13th congressional district,cd-0613,
ocd-division/country:us/state:ca/cd:14,California's 14th congressional district,cd-0614,
ocd-division/country:us/state:ca/cd:15,California's 15th congressional district,cd-0615,
ocd-division/country:us/state:ca/cd:16,California's 16th congressional district,cd-0616,
ocd-division/country:us/state:ca/cd:17,California's 17th congressional district,cd-0617,
ocd-division/country:us/state:ca/cd:18,California's 18th congressional district,cd-0618,
ocd-division/country:us/state:ca/cd:19,California's 19th congressional district,cd-0619,
ocd-division/country:us/state:ca/cd:1,California's 1st congressional district,cd-0601,
ocd-division/country:us/state:ca/cd:20,California's 20th congressional district,cd-0620,
ocd-division/country:us/state:ca/cd:21,California's 21st congressional district,cd-0621,
ocd-division/country:us/state:ca/cd:22,California's 22nd congressional district,cd-0622,
ocd-division/country:us/state:ca/cd:23,California's 23rd congressional district,cd-0623,
ocd-division/country:us/state:ca/cd:24,California's 24th congressional district,cd-0624,
ocd-division/country:us/state:ca/cd:25,California's 25th congressional district,cd-0625,
ocd-division/country:us/state:ca/cd:26,California's 26th congressional district,cd-0626,
ocd-division/country:us/state:ca/cd:27,California's 27th congressional district,cd-0627,
ocd-division/country:us/state:ca/cd:28,California's 28th congressional district,cd-0628,
ocd-division/country:us/state:ca/cd:29,California's 29th congressional district,cd-0629,
ocd-division/country:us/state:ca/cd:2,California's 2nd congressional district,cd-0602,
ocd-division/country:us/state:ca/cd:30,California's 30th congressional district,cd-0630,
ocd-division/country:us/state:ca/cd:31,California's 31st congressional district,cd-0631,
ocd-division/country:us/state:ca/cd:32,California's 32nd congressional district,cd-0632,
ocd-division/country:us/state:ca/cd:33,California's 33rd congressional district,cd-0633,
ocd-division/country:us/state:ca/cd:34,California's 34th congressional district,cd-0634,
ocd-division/country:us/state:ca/cd:35,California's 35th congressional district,cd-0635,
ocd-division/country:us/state:ca/cd:36,California's 36th congressional district,cd-0636,
ocd-division/country:us/state:ca/cd:37,California's 37th congressional district,cd-0637,
ocd-division/country:us/state:ca/cd:38,California's 38th congressional district,cd-0638,
ocd-division/country:us/state:ca/cd:39,California's 39th congressional district,cd-0639,
ocd-division/country:us/state:ca/cd:3,California's 3rd congressional district,cd-0603,
ocd-division/country:us/state:ca/cd:40,California's 40th congressional district,cd-0640,
ocd-division/country:us/state:ca/cd:41,California's 41st congressional district,cd-0641,
ocd-division/country:us/state:ca/cd:42,California's 42nd congressional district,cd-0642,
ocd-division/country:us/state:ca/cd:43,California's 43rd congressional district,cd-0643,
ocd-division/country:us/state:ca/cd:44,California's 44th congressional district,cd-0644,
ocd-division/country:us/state:ca/cd:45,California's 45th congressional district,cd-0645,
ocd-division/country:us/state:ca/cd:46,California's 46th congressional district,cd-0646,
ocd-division/country:us/state:ca/cd:47,California's 47th congressional district,cd-0647,
ocd-division/country:us/state:ca/cd:48,California's 48th congressional district,cd-0648,
ocd-division/country:us/state:ca/cd:49,California's 49th congressional district,cd-0649,
ocd-division/country:us/state:ca/cd:4,California's 4th congressional district,cd-0604,
ocd-division/country:us/state:ca/cd:50,California's 50th congressional district,cd-0650,
ocd-division/country:us/state:ca/cd:51,California's 51st congressional district,cd-0651,
ocd-division/country:us/state:ca/cd:52,California's 52nd congressional district,cd-0652,
ocd-division/country:us/state:ca/cd:53,California's 53rd congressional district,cd-0653,
ocd-division/country:us/state:ca/cd:5,California's 5th congressional district,cd-0605,
ocd-division/country:us/state:ca/cd:6,California's 6th congressional district,cd-0606,
ocd-division/country:us/state:ca/cd:7,California's 7th congressional district,cd-0607,
ocd-division/country:us/state:ca/cd:8,California's 8th congressional district,cd-0608,
ocd-division/country:us/state:ca/cd:9,California's 9th congressional district,cd-0609,
ocd-division/country:us/state:co/cd:1,Colorado's 1st congressional district,cd-0801,
ocd-division/country:us/state:co/cd:2,Colorado's 2nd congressional district,cd-0802,
ocd-division/country:us/state:co/cd:3,Colorado's 3rd congressional district,cd-0803,
ocd-division/country:us/state:co/cd:4,Colorado's 4th congressional district,cd-0804,
ocd-division/country:us/state:co/cd:5,Colorado's 5th congressional district,cd-0805,
ocd-division/country:us/state:co/cd:6,Colorado's 6th congressional district,cd-0806,
ocd-division/country:us/state:co/cd:7,Colorado's 7th congressional district,cd-0807,
ocd-division/country:us/state:ct/cd:1,Connecticut's 1st congressional district,cd-0901,
ocd-division/country:us/state:ct/cd:2,Connecticut's 2nd congressional district,cd-0902,
ocd-division/country:us/state:ct/cd:3,Connecticut's 3rd congressional district,cd-0903,
ocd-division/country:us/state:ct/cd:4,Connecticut's 4th congressional district,cd-0904,
ocd-division/country:us/state:ct/cd:5,Connecticut's 5th congressional district,cd-0905,
ocd-division/country:us/state:de/cd:at-large,Deleware's at-large congressional district,,
ocd-division/country:us/state:fl/cd:10,Florida's 10th congressional district,cd-1210,
ocd-division/country:us/state:fl/cd:11,Florida's 11th congressional district,cd-1211,
ocd-division/country:us/state:fl/cd:12,Florida's 12th congressional district,cd-1212,
ocd-division/country:us/state:fl/cd:13,Florida's 13th congressional district,cd-1213,
ocd-division/country:us/state:fl/cd:14,Florida's 14th congressional district,cd-1214,
ocd-division/country:us/state:fl/cd:15,Florida's 15th congressional district,cd-1215,
ocd-division/country:us/state:fl/cd:16,Florida's 16th congressional district,cd-1216,
ocd-division/country:us/state:fl/cd:17,Florida's 17th congressional district,cd-1217,
ocd-division/country:us/state:fl/cd:18,Florida's 18th congressional district,cd-1218,
ocd-division/country:us/state:fl/cd:19,Florida's 19th congressional district,cd-1219,
ocd-division/country:us/state:fl/cd:1,Florida's 1st congressional district,cd-1201,
ocd-division/country:us/state:fl/cd:20,Florida's 20th congressional district,cd-1220,
ocd-division/country:us/state:fl/cd:21,Florida's 21st congressional district,cd-1221,
ocd-division/country:us/state:fl/cd:22,Florida's 22nd congressional district,cd-1222,
ocd-division/country:us/state:fl/cd:23,Florida's 23rd congressional district,cd-1223,
ocd-division/country:us/state:fl/cd:24,Florida's 24th congressional district,cd-1224,
ocd-division/country:us/state:fl/cd:25,Florida's 25th congressional district,cd-1225,
ocd-division/country:us/state:fl/cd:26,Florida's 26th congressional district,cd-1226,
ocd-division/country:us/state:fl/cd:27,Florida's 27th congressional district,cd-1227,
ocd-division/country:us/state:fl/cd:2,Florida's 2nd congressional district,cd-1202,
ocd-division/country:us/state:fl/cd:3,Florida's 3rd congressional district,cd-1203,
ocd-division/country:us/state:fl/cd:4,Florida's 4th congressional district,cd-1204,
ocd-division/country:us/state:fl/cd:5,Florida's 5th congressional district,cd-1205,
ocd-division/country:us/state:fl/cd:6,Florida's 6th congressional district,cd-1206,
ocd-division/country:us/state:fl/cd:7,Florida's 7th congressional district,cd-1207,
ocd-division/country:us/state:fl/cd:8,Florida's 8th congressional district,cd-1208,
ocd-division/country:us/state:fl/cd:9,Florida's 9th congressional district,cd-1209,
ocd-division/country:us/state:ga/cd:10,Georgia's 10th congressional district,cd-1310,
ocd-division/country:us/state:ga/cd:11,Georgia's 11th congressional district,cd-1311,
ocd-division/country:us/state:ga/cd:12,Georgia's 12th congressional district,cd-1312,
ocd-division/country:us/state:ga/cd:13,Georgia's 13th congressional district,cd-1313,
ocd-division/country:us/state:ga/cd:14,Georgia's 14th congressional district,cd-1314,
ocd-division/country:us/state:ga/cd:1,Georgia's 1st congressional district,cd-1301,
ocd-division/country:us/state:ga/cd:2,Georgia's 2nd congressional district,cd-1302,
ocd-division/country:us/state:ga/cd:3,Georgia's 3rd congressional district,cd-1303,
ocd-division/country:us/state:ga/cd:4,Georgia's 4th congressional district,cd-1304,
ocd-division/country:us/state:ga/cd:5,Georgia's 5th congressional district,cd-1305,
ocd-division/country:us/state:ga/cd:6,Georgia's 6th congressional district,cd-1306,
ocd-division/country:us/state:ga/cd:7,Georgia's 7th congressional district,cd-1307,
ocd-division/country:us/state:ga/cd:8,Georgia's 8th congressional district,cd-1308,
ocd-division/country:us/state:ga/cd:9,Georgia's 9th congressional district,cd-1309,
ocd-division/country:us/state:hi/cd:1,Hawaii's 1st congressional district,cd-1501,
ocd-division/country:us/state:hi/cd:2,Hawaii's 2nd congressional district,cd-1502,
ocd-division/country:us/state:ia/cd:1,Iowa's 1st congressional district,cd-1901,
ocd-division/country:us/state:ia/cd:2,Iowa's 2nd congressional district,cd-1902,
ocd-division/country:us/state:ia/cd:3,Iowa's 3rd congressional district,cd-1903,
ocd-division/country:us/state:ia/cd:4,Iowa's 4th congressional district,cd-1904,
ocd-division/country:us/state:id/cd:1,Idaho's 1st congressional district,cd-1601,
ocd-division/country:us/state:id/cd:2,Idaho's 2nd congressional district,cd-1602,
ocd-division/country:us/state:il/cd:10,Illinois's 10th congressional district,cd-1710,
ocd-division/country:us/state:il/cd:11,Illinois's 11th congressional district,cd-1711,
ocd-division/country:us/state:il/cd:12,Illinois's 12th congressional district,cd-1712,
ocd-division/country:us/state:il/cd:13,Illinois's 13th congressional district,cd-1713,
ocd-division/country:us/state:il/cd:14,Illinois's 14th congressional district,cd-1714,
ocd-division/country:us/state:il/cd:15,Illinois's 15th congressional district,cd-1715,
ocd-division/country:us/state:il/cd:16,Illinois's 16th congressional district,cd-1716,
ocd-division/country:us/state:il/cd:17,Illinois's 17th congressional district,cd-1717,
ocd-division/country:us/state:il/cd:18,Illinois's 18th congressional district,cd-1718,
ocd-division/country:us/state:il/cd:1,Illinois's 1st congressional district,cd-1701,
ocd-division/country:us/state:il/cd:2,Illinois's 2nd congressional district,cd-1702,
ocd-division/country:us/state:il/cd:3,Illinois's 3rd congressional district,cd-1703,
ocd-division/country:us/state:il/cd:4,Illinois's 4th congressional district,cd-1704,
ocd-division/country:us/state:il/cd:5,Illinois's 5th congressional district,cd-1705,
ocd-division/country:us/state:il/cd:6,Illinois's 6th congressional district,cd-1706,
ocd-division/country:us/state:il/cd:7,Illinois's 7th congressional district,cd-1707,
ocd-division/country:us/state:il/cd:8,Illinois's 8th congressional district,cd-1708,
ocd-division/country:us/state:il/cd:9,Illinois's 9th congressional district,cd-1709,
ocd-division/country:us/state:in/cd:1,Indiana's 1st congressional district,cd-1801,
ocd-division/country:us/state:in/cd:2,Indiana's 2nd congressional district,cd-1802,
ocd-division/country:us/state:in/cd:3,Indiana's 3rd congressional district,cd-1803,
ocd-division/country:us/state:in/cd:4,Indiana's 4th congressional district,cd-1804,
ocd-division/country:us/state:in/cd:5,Indiana's 5th congressional district,cd-1805,
ocd-division/country:us/state:in/cd:6,Indiana's 6th congressional district,cd-1806,
ocd-division/country:us/state:in/cd:7,Indiana's 7th congressional district,cd-1807,
ocd-division/country:us/state:in/cd:8,Indiana's 8th congressional district,cd-1808,
ocd-division/country:us/state:in/cd:9,Indiana's 9th congressional district,cd-1809,
ocd-division/country:us/state:ks/cd:1,Kansas's 1st congressional district,cd-2001,
ocd-division/country:us/state:ks/cd:2,Kansas's 2nd congressional district,cd-2002,
ocd-division/country:us/state:ks/cd:3,Kansas's 3rd congressional district,cd-2003,
ocd-division/country:us/state:ks/cd:4,Kansas's 4th congressional district,cd-2004,
ocd-division/country:us/state:ky/cd:1,Kentucky's 1st congressional district,cd-2101,
ocd-division/country:us/state:ky/cd:2,Kentucky's 2nd congressional district,cd-2102,
ocd-division/country:us/state:ky/cd:3,Kentucky's 3rd congressional district,cd-2103,
ocd-division/country:us/state:ky/cd:4,Kentucky's 4th congressional district,cd-2104,
ocd-division/country:us/state:ky/cd:5,Kentucky's 5th congressional district,cd-2105,
ocd-division/country:us/state:ky/cd:6,Kentucky's 6th congressional district,cd-2106,
ocd-division/country:us/state:la/cd:1,Louisiana's 1st congressional district,cd-2201,
ocd-division/country:us/state:la/cd:2,Louisiana's 2nd congressional district,cd-2202,
ocd-division/country:us/state:la/cd:3,Louisiana's 3rd congressional district,cd-2203,
ocd-division/country:us/state:la/cd:4,Louisiana's 4th congressional district,cd-2204,
ocd-division/country:us/state:la/cd:5,Louisiana's 5th congressional district,cd-2205,
ocd-division/country:us/state:la/cd:6,Louisiana's 6th congressional district,cd-2206,
ocd-division/country:us/state:ma/cd:1,Massachusetts's 1st congressional district,cd-2501,
ocd-division/country:us/state:ma/cd:2,Massachusetts's 2nd congressional district,cd-2502,
ocd-division/country:us/state:ma/cd:3,Massachusetts's 3rd congressional district,cd-2503,
ocd-division/country:us/state:ma/cd:4,Massachusetts's 4th congressional district,cd-2504,
ocd-division/country:us/state:ma/cd:5,Massachusetts's 5th congressional district,cd-2505,
ocd-division/country:us/state:ma/cd:6,Massachusetts's 6th congressional district,cd-2506,
ocd-division/country:us/state:ma/cd:7,Massachusetts's 7th congressional district,cd-2507,
ocd-division/country:us/state:ma/cd:8,Massachusetts's 8th congressional district,cd-2508,
ocd-division/country:us/state:ma/cd:9,Massachusetts's 9th congressional district,cd-2509,
ocd-division/country:us/state:md/cd:1,Maryland's 1st congressional district,cd-2401,
ocd-division/country:us/state:md/cd:2,Maryland's 2nd congressional district,cd-2402,
ocd-division/country:us/state:md/cd:3,Maryland's 3rd congressional district,cd-2403,
ocd-division/country:us/state:md/cd:4,Maryland's 4th congressional district,cd-2404,
ocd-division/country:us/state:md/cd:5,Maryland's 5th congressional district,cd-2405,
ocd-division/country:us/state:md/cd:6,Maryland's 6th congressional district,cd-2406,
ocd-division/country:us/state:md/cd:7,Maryland's 7th congressional district,cd-2407,
ocd-division/country:us/state:md/cd:8,Maryland's 8th congressional district,cd-2408,
ocd-division/country:us/state:me/cd:1,Maine's 1st congressional district,cd-2301,
ocd-division/country:us/state:me/cd:2,Maine's 2nd congressional district,cd-2302,
ocd-division/country:us/state:mi/cd:10,Michigan's 10th congressional district,cd-2610,
ocd-division/country:us/state:mi/cd:11,Michigan's 11th congressional district,cd-2611,
ocd-division/country:us/state:mi/cd:12,Michigan's 12th congressional district,cd-2612,
ocd-division/country:us/state:mi/cd:13,Michigan's 13th congressional district,cd-2613,
ocd-division/country:us/state:mi/cd:14,Michigan's 14th congressional district,cd-2614,
ocd-division/country:us/state:mi/cd:1,Michigan's 1st congressional district,cd-2601,
ocd-division/country:us/state:mi/cd:2,Michigan's 2nd congressional district,cd-2602,
ocd-division/country:us/state:mi/cd:3,Michigan's 3rd congressional district,cd-2603,
ocd-division/country:us/state:mi/cd:4,Michigan's 4th congressional district,cd-2604,
ocd-division/country:us/state:mi/cd:5,Michigan's 5th congressional district,cd-2605,
ocd-division/country:us/state:mi/cd:6,Michigan's 6th congressional district,cd-2606,
ocd-division/country:us/state:mi/cd:7,Michigan's 7th congressional district,cd-2607,
ocd-division/country:us/state:mi/cd:8,Michigan's 8th congressional district,cd-2608,
ocd-division/country:us/state:mi/cd:9,Michigan's 9th congressional district,cd-2609,
ocd-division/country:us/state:mn/cd:1,Minnesota's 1st congressional district,cd-2701,
ocd-division/country:us/state:mn/cd:2,Minnesota's 2nd congressional district,cd-2702,
ocd-division/country:us/state:mn/cd:3,Minnesota's 3rd congressional district,cd-2703,
ocd-division/country:us/state:mn/cd:4,Minnesota's 4th congressional district,cd-2704,
ocd-division/country:us/state:mn/cd:5,Minnesota's 5th congressional district,cd-2705,
ocd-division/country:us/state:mn/cd:6,Minnesota's 6th congressional district,cd-2706,
ocd-division/country:us/state:mn/cd:7,Minnesota's 7th congressional district,cd-2707,
ocd-division/country:us/state:mn/cd:8,Minnesota's 8th congressional district,cd-2708,
ocd-division/country:us/state:mo/cd:1,Missouri's 1st congressional district,cd-2901,
ocd-division/country:us/state:mo/cd:2,Missouri's 2nd congressional district,cd-2902,
ocd-division/country:us/state:mo/cd:3,Missouri's 3rd congressional district,cd-2903,
ocd-division/country:us/state:mo/cd:4,Missouri's 4th congressional district,cd-2904,
ocd-division/country:us/state:mo/cd:5,Missouri's 5th congressional district,cd-2905,
ocd-division/country:us/state:mo/cd:6,Missouri's 6th congressional district,cd-2906,
ocd-division/country:us/state:mo/cd:7,Missouri's 7th congressional district,cd-2907,
ocd-division/country:us/state:mo/cd:8,Missouri's 8th congressional district,cd-2908,
ocd-division/country:us/state:ms/cd:1,Mississippi's 1st congressional district,cd-2801,
ocd-division/country:us/state:ms/cd:2,Mississippi's 2nd congressional district,cd-2802,
ocd-division/country:us/state:ms/cd:3,Mississippi's 3rd congressional district,cd-2803,
ocd-division/country:us/state:ms/cd:4,Mississippi's 4th congressional district,cd-2804,
ocd-division/country:us/state:mt/cd:at-large,Montana's at-large congressional district,,
ocd-division/country:us/state:nc/cd:10,North Carolina's 10th congressional district,cd-3710,
ocd-division/country:us/state:nc/cd:11,North Carolina's 11th congressional district,cd-3711,
ocd-division/country:us/state:nc/cd:12,North Carolina's 12th congressional district,cd-3712,
ocd-division/country:us/state:nc/cd:13,North Carolina's 13th congressional district,cd-3713,
ocd-division/country:us/state:nc/cd:1,North Carolina's 1st congressional district,cd-3701,
ocd-division/country:us/state:nc/cd:2,North Carolina's 2nd congressional district,cd-3702,
ocd-division/country:us/state:nc/cd:3,North Carolina's 3rd congressional district,cd-3703,
ocd-division/country:us/state:nc/cd:4,North Carolina's 4th congressional district,cd-3704,
ocd-division/country:us/state:nc/cd:5,North Carolina's 5th congressional district,cd-3705,
ocd-division/country:us/state:nc/cd:6,North Carolina's 6th congressional district,cd-3706,
ocd-division/country:us/state:nc/cd:7,North Carolina's 7th congressional district,cd-3707,
ocd-division/country:us/state:nc/cd:8,North Carolina's 8th congressional district,cd-3708,
ocd-division/country:us/state:nc/cd:9,North Carolina's 9th congressional district,cd-3709,
ocd-division/country:us/state:nd/cd:at-large,North Dakota's at-large congressional district,,
ocd-division/country:us/state:ne/cd:1,Nebraska's 1st congressional district,cd-3101,
ocd-division/country:us/state:ne/cd:2,Nebraska's 2nd congressional district,cd-3102,
ocd-division/country:us/state:ne/cd:3,Nebraska's 3rd congressional district,cd-3103,
ocd-division/country:us/state:nh/cd:1,New Hampshire's 1st congressional district,cd-3301,
ocd-division/country:us/state:nh/cd:2,New Hampshire's 2nd congressional district,cd-3302,
ocd-division/country:us/state:nj/cd:10,New Jersey's 10th congressional district,cd-3410,
ocd-division/country:us/state:nj/cd:11,New Jersey's 11th congressional district,cd-3411,
ocd-division/country:us/state:nj/cd:12,New Jersey's 12th congressional district,cd-3412,
ocd-division/country:us/state:nj/cd:1,New Jersey's 1st congressional district,cd-3401,
ocd-division/country:us/state:nj/cd:2,New Jersey's 2nd congressional district,cd-3402,
ocd-division/country:us/state:nj/cd:3,New Jersey's 3rd congressional district,cd-3403,
ocd-division/country:us/state:nj/cd:4,New Jersey's 4th congressional district,cd-3404,
ocd-division/country:us/state:nj/cd:5,New Jersey's 5th congressional district,cd-3405,
ocd-division/country:us/state:nj/cd:6,New Jersey's 6th congressional district,cd-3406,
ocd-division/country:us/state:nj/cd:7,New Jersey's 7th congressional district,cd-3407,
ocd-division/country:us/state:nj/cd:8,New Jersey's 8th congressional district,cd-3408,
ocd-division/country:us/state:nj/cd:9,New Jersey's 9th congressional district,cd-3409,
ocd-division/country:us/state:nm/cd:1,New Mexico's 1st congressional district,cd-3501,
ocd-division/country:us/state:nm/cd:2,New Mexico's 2nd congressional district,cd-3502,
ocd-division/country:us/state:nm/cd:3,New Mexico's 3rd congressional district,cd-3503,
ocd-division/country:us/state:nv/cd:1,Nevada's 1st congressional district,cd-3201,
ocd-division/country:us/state:nv/cd:2,Nevada's 2nd congressional district,cd-3202,
ocd-division/country:us/state:nv/cd:3,Nevada's 3rd congressional district,cd-3203,
ocd-division/country:us/state:nv/cd:4,Nevada's 4th congressional district,cd-3204,
ocd-division/country:us/state:ny/cd:10,New York's 10th congressional district,cd-3610,
ocd-division/country:us/state:ny/cd:11,New York's 11th congressional district,cd-3611,
ocd-division/country:us/state:ny/cd:12,New York's 12th congressional district,cd-3612,
ocd-division/country:us/state:ny/cd:13,New York's 13th congressional district,cd-3613,
ocd-division/country:us/state:ny/cd:14,New York's 14th congressional district,cd-3614,
ocd-division/country:us/state:ny/cd:15,New York's 15th congressional district,cd-3615,
ocd-division/country:us/state:ny/cd:16,New York's 16th congressional district,cd-3616,
ocd-division/country:us/state:ny/cd:17,New York's 17th congressional district,cd-3617,
ocd-division/country:us/state:ny/cd:18,New York's 18th congressional district,cd-3618,
ocd-division/country:us/state:ny/cd:19,New York's 19th congressional district,cd-3619,
ocd-division/country:us/state:ny/cd:1,New York's 1st congressional district,cd-3601,
ocd-division/country:us/state:ny/cd:20,New York's 20th congressional district,cd-3620,
ocd-division/country:us/state:ny/cd:21,New York's 21st congressional district,cd-3621,
ocd-division/country:us/state:ny/cd:22,New York's 22nd congressional district,cd-3622,
ocd-division/country:us/state:ny/cd:23,New York's 23rd congressional district,cd-3623,
ocd-division/country:us/state:ny/cd:24,New York's 24th congressional district,cd-3624,
ocd-division/country:us/state:ny/cd:25,New York's 25th congressional district,cd-3625,
ocd-division/country:us/state:ny/cd:26,New York's 26th congressional district,cd-3626,
ocd-division/country:us/state:ny/cd:27,New York's 27th congressional district,cd-3627,
ocd-division/country:us/state:ny/cd:2,New York's 2nd congressional district,cd-3602,
ocd-division/country:us/state:ny/cd:3,New York's 3rd congressional district,cd-3603,
ocd-division/country:us/state:ny/cd:4,New York's 4th congressional district,cd-3604,
ocd-division/country:us/state:ny/cd:5,New York's 5th congressional district,cd-3605,
ocd-division/country:us/state:ny/cd:6,New York's 6th congressional district,cd-3606,
ocd-division/country:us/state:ny/cd:7,New York's 7th congressional district,cd-3607,
ocd-division/country:us/state:ny/cd:8,New York's 8th congressional district,cd-3608,
ocd-division/country:us/state:ny/cd:9,New York's 9th congressional district,cd-3609,
ocd-division/country:us/state:oh/cd:10,Ohio's 10th congressional district,cd-3910,
ocd-division/country:us/state:oh/cd:11,Ohio's 11th congressional district,cd-3911,
ocd-division/country:us/state:oh/cd:12,Ohio's 12th congressional district,cd-3912,
ocd-division/country:us/state:oh/cd:13,Ohio's 13th congressional district,cd-3913,
ocd-division/country:us/state:oh/cd:14,Ohio's 14th congressional district,cd-3914,
ocd-division/country:us/state:oh/cd:15,Ohio's 15th congressional district,cd-3915,
ocd-division/country:us/state:oh/cd:16,Ohio's 16th congressional district,cd-3916,
ocd-division/country:us/state:oh/cd:1,Ohio's 1st congressional district,cd-3901,
ocd-division/country:us/state:oh/cd:2,Ohio's 2nd congressional district,cd-3902,
ocd-division/country:us/state:oh/cd:3,Ohio's 3rd congressional district,cd-3903,
ocd-division/country:us/state:oh/cd:4,Ohio's 4th congressional district,cd-3904,
ocd-division/country:us/state:oh/cd:5,Ohio's 5th congressional district,cd-3905,
ocd-division/country:us/state:oh/cd:6,Ohio's 6th congressional district,cd-3906,
ocd-division/country:us/state:oh/cd:7,Ohio's 7th congressional district,cd-3907,
ocd-division/country:us/state:oh/cd:8,Ohio's 8th congressional district,cd-3908,
ocd-division/country:us/state:oh/cd:9,Ohio's 9th congressional district,cd-3909,
ocd-division/country:us/state:ok/cd:1,Oklahoma's 1st congressional district,cd-4001,
ocd-division/country:us/state:ok/cd:2,Oklahoma's 2nd congressional district,cd-4002,
ocd-division/country:us/state:ok/cd:3,Oklahoma's 3rd congressional district,cd-4003,
ocd-division/country:us/state:ok/cd:4,Oklahoma's 4th congressional district,cd-4004,
ocd-division/country:us/state:ok/cd:5,Oklahoma's 5th congressional district,cd-4005,
ocd-division/country:us/state:or/cd:1,Oregon's 1st congressional district,cd-4101,
ocd-division/country:us/state:or/cd:2,Oregon's 2nd congressional district,cd-4102,
ocd-division/country:us/state:or/cd:3,Oregon's 3rd congressional district,cd-4103,
ocd-division/country:us/state:or/cd:4,Oregon's 4th congressional district,cd-4104,
ocd-division/country:us/state:or/cd:5,Oregon's 5th congressional district,cd-4105,
ocd-division/country:us/state:pa/cd:10,Pennsylvania's 10th congressional district,cd-4210,
ocd-division/country:us/state:pa/cd:11,Pennsylvania's 11th congressional district,cd-4211,
ocd-division/country:us/state:pa/cd:12,Pennsylvania's 12th congressional district,cd-4212,
ocd-division/country:us/state:pa/cd:13,Pennsylvania's 13th congressional district,cd-4213,
ocd-division/country:us/state:pa/cd:14,Pennsylvania's 14th congressional district,cd-4214,
ocd-division/country:us/state:pa/cd:15,Pennsylvania's 15th congressional district,cd-4215,
ocd-division/country:us/state:pa/cd:16,Pennsylvania's 16th congressional district,cd-4216,
ocd-division/country:us/state:pa/cd:17,Pennsylvania's 17th congressional district,cd-4217,
ocd-division/country:us/state:pa/cd:18,Pennsylvania's 18th congressional district,cd-4218,
ocd-division/country:us/state:pa/cd:1,Pennsylvania's 1st congressional district,cd-4201,
ocd-division/country:us/state:pa/cd:2,Pennsylvania's 2nd congressional district,cd-4202,
ocd-division/country:us/state:pa/cd:3,Pennsylvania's 3rd congressional district,cd-4203,
ocd-division/country:us/state:pa/cd:4,Pennsylvania's 4th congressional district,cd-4204,
ocd-division/country:us/state:pa/cd:5,Pennsylvania's 5th congressional district,cd-4205,
ocd-division/country:us/state:pa/cd:6,Pennsylvania's 6th congressional district,cd-4206,
ocd-division/country:us/state:pa/cd:7,Pennsylvania's 7th congressional district,cd-4207,
ocd-division/country:us/state:pa/cd:8,Pennsylvania's 8th congressional district,cd-4208,
ocd-division/country:us/state:pa/cd:9,Pennsylvania's 9th congressional district,cd-4209,
ocd-division/country:us/state:ri/cd:1,Rhode Island's 1st congressional district,cd-4401,
ocd-division/country:us/state:ri/cd:2,Rhode Island's 2nd congressional district,cd-4402,
ocd-division/country:us/state:sc/cd:1,South Carolina's 1st congressional district,cd-4501,
ocd-division/country:us/state:sc/cd:2,South Carolina's 2nd congressional district,cd-4502,
ocd-division/country:us/state:sc/cd:3,South Carolina's 3rd congressional district,cd-4503,
ocd-division/country:us/state:sc/cd:4,South Carolina's 4th congressional district,cd-4504,
ocd-division/country:us/state:sc/cd:5,South Carolina's 5th congressional district,cd-4505,
ocd-division/country:us/state:sc/cd:6,South Carolina's 6th congressional district,cd-4506,
ocd-division/country:us/state:sc/cd:7,South Carolina's 7th congressional district,cd-4507,
ocd-division/country:us/state:sd/cd:at-large,South Dakota's at-large congressional district,,
ocd-division/country:us/state:tn/cd:1,Tennessee's 1st congressional district,cd-4701,
ocd-division/country:us/state:tn/cd:2,Tennessee's 2nd congressional district,cd-4702,
ocd-division/country:us/state:tn/cd:3,Tennessee's 3rd congressional district,cd-4703,
ocd-division/country:us/state:tn/cd:4,Tennessee's 4th congressional district,cd-4704,
ocd-division/country:us/state:tn/cd:5,Tennessee's 5th congressional district,cd-4705,
ocd-division/country:us/state:tn/cd:6,Tennessee's 6th congressional district,cd-4706,
ocd-division/country:us/state:tn/cd:7,Tennessee's 7th congressional district,cd-4707,
ocd-division/country:us/state:tn/cd:8,Tennessee's 8th congressional district,cd-4708,
ocd-division/country:us/state:tn/cd:9,Tennessee's 9th congressional district,cd-4709,
ocd-division/country:us/state:tx/cd:10,Texas's 10th congressional district,cd-4810,
ocd-division/country:us/state:tx/cd:11,Texas's 11th congressional district,cd-4811,
ocd-division/country:us/state:tx/cd:12,Texas's 12th congressional district,cd-4812,
ocd-division/country:us/state:tx/cd:13,Texas's 13th congressional district,cd-4813,
ocd-division/country:us/state:tx/cd:14,Texas's 14th congressional district,cd-4814,
ocd-division/country:us/state:tx/cd:15,Texas's 15th congressional district,cd-4815,
ocd-division/country:us/state:tx/cd:16,Texas's 16th congressional district,cd-4816,
ocd-division/country:us/state:tx/cd:17,Texas's 17th congressional district,cd-4817,
ocd-division/country:us/state:tx/cd:18,Texas's 18th congressional district,cd-4818,
ocd-division/country:us/state:tx/cd:19,Texas's 19th congressional district,cd-4819,
ocd-division/country:us/state:tx/cd:1,Texas's 1st congressional district,cd-4801,
ocd-division/country:us/state:tx/cd:20,Texas's 20th congressional district,cd-4820,
ocd-division/country:us/state:tx/cd:21,Texas's 21st congressional district,cd-4821,
ocd-division/country:us/state:tx/cd:22,Texas's 22nd congressional district,cd-4822,
ocd-division/country:us/state:tx/cd:23,Texas's 23rd congressional district,cd-4823,
ocd-division/country:us/state:tx/cd:24,Texas's 24th congressional district,cd-4824,
ocd-division/country:us/state:tx/cd:25,Texas's 25th congressional district,cd-4825,
ocd-division/country:us/state:tx/cd:26,Texas's 26th congressional district,cd-4826,
ocd-division/country:us/state:tx/cd:27,Texas's 27th congressional district,cd-4827,
ocd-division/country:us/state:tx/cd:28,Texas's 28th congressional district,cd-4828,
ocd-division/country:us/state:tx/cd:29,Texas's 29th congressional district,cd-4829,
ocd-division/country:us/state:tx/cd:2,Texas's 2nd congressional district,cd-4802,
ocd-division/country:us/state:tx/cd:30,Texas's 30th congressional district,cd-4830,
ocd-division/country:us/state:tx/cd:31,Texas's 31st congressional district,cd-4831,
ocd-division/country:us/state:tx/cd:32,Texas's 32nd congressional district,cd-4832,
ocd-division/country:us/state:tx/cd:33,Texas's 33rd congressional district,cd-4833,
ocd-division/country:us/state:tx/cd:34,Texas's 34th congressional district,cd-4834,
ocd-division/country:us/state:tx/cd:35,Texas's 35th congressional district,cd-4835,
ocd-division/country:us/state:tx/cd:36,Texas's 36th congressional district,cd-4836,
ocd-division/country:us/state:tx/cd:3,Texas's 3rd congressional district,cd-4803,
ocd-division/country:us/state:tx/cd:4,Texas's 4th congressional district,cd-4804,
ocd-division/country:us/state:tx/cd:5,Texas's 5th congressional district,cd-4805,
ocd-division/country:us/state:tx/cd:6,Texas's 6th congressional district,cd-4806,
ocd-division/country:us/state:tx/cd:7,Texas's 7th congressional district,cd-4807,
ocd-division/country:us/state:tx/cd:8,Texas's 8th congressional district,cd-4808,
ocd-division/country:us/state:tx/cd:9,Texas's 9th congressional district,cd-4809,
ocd-division/country:us/state:ut/cd:1,Utah's 1st congressional district,cd-4901,
ocd-division/country:us/state:ut/cd:2,Utah's 2nd congressional district,cd-4902,
ocd-division/country:us/state:ut/cd:3,Utah's 3rd congressional district,cd-4903,
ocd-division/country:us/state:ut/cd:4,Utah's 4th congressional district,cd-4904,
ocd-division/country:us/state:va/cd:10,Virginia's 10th congressional district,cd-5110,
ocd-division/country:us/state:va/cd:11,Virginia's 11th congressional district,cd-5111,
ocd-division/country:us/state:va/cd:1,Virginia's 1st congressional district,cd-5101,
ocd-division/country:us/state:va/cd:2,Virginia's 2nd congressional district,cd-5102,
ocd-division/country:us/state:va/cd:3,Virginia's 3rd congressional district,cd-5103,
ocd-division/country:us/state:va/cd:4,Virginia's 4th congressional district,cd-5104,
ocd-division/country:us/state:va/cd:5,Virginia's 5th congressional district,cd-5105,
ocd-division/country:us/state:va/cd:6,Virginia's 6th congressional district,cd-5106,
ocd-division/country:us/state:va/cd:7,Virginia's 7th congressional district,cd-5107,
ocd-division/country:us/state:va/cd:8,Virginia's 8th congressional district,cd-5108,
ocd-division/country:us/state:va/cd:9,Virginia's 9th congressional district,cd-5109,
ocd-division/country:us/state:vt/cd:at-large,Vermont's at-large congressional district,,
ocd-division/country:us/state:wa/cd:10,Washington's 10th congressional district,cd-5310,
ocd-division/country:us/state:wa/cd:1,Washington's 1st congressional district,cd-5301,
ocd-division/country:us/state:wa/cd:2,Washington's 2nd congressional district,cd-5302,
ocd-division/country:us/state:wa/cd:3,Washington's 3rd congressional district,cd-5303,
ocd-division/country:us/state:wa/cd:4,Washington's 4th congressional district,cd-5304,
ocd-division/country:us/state:wa/cd:5,Washington's 5th congressional district,cd-5305,
ocd-division/country:us/state:wa/cd:6,Washington's 6th congressional district,cd-5306,
ocd-division/country:us/state:wa/cd:7,Washington's 7th congressional district,cd-5307,
ocd-division/country:us/state:wa/cd:8,Washington's 8th congressional district,cd-5308,
ocd-division/country:us/state:wa/cd:9,Washington's 9th congressional district,cd-5309,
ocd-division/country:us/state:wi/cd:1,Wisconsin's 1st congressional district,cd-5501,
ocd-division/country:us/state:wi/cd:2,Wisconsin's 2nd congressional district,cd-5502,
ocd-division/country:us/state:wi/cd:3,Wisconsin's 3rd congressional district,cd-5503,
ocd-division/country:us/state:wi/cd:4,Wisconsin's 4th congressional district,cd-5504,
ocd-division/country:us/state:wi/cd:5,Wisconsin's 5th congressional district,cd-5505,
ocd-division/country:us/state:wi/cd:6,Wisconsin's 6th congressional district,cd-5506,
ocd-division/country:us/state:wi/cd:7,Wisconsin's 7th congressional district,cd-5507,
ocd-division/country:us/state:wi/cd:8,Wisconsin's 8th congressional district,cd-5508,
ocd-division/country:us/state:wv/cd:1,West Virginia's 1st congressional district,cd-5401,
ocd-division/country:us/state:wv/cd:2,West Virginia's 2nd congressional district,cd-5402,
ocd-division/country:us/state:wv/cd:3,West Virginia's 3rd congressional district,cd-5403,
ocd-division/country:us/state:wy/cd:at-large,Wyoming's at-large congressional district,,
ocd-division/country:us/state:il/cd:19,Illinois's 19th congressional district (obsolete as of 2012),cd-1719,2013-01-03
ocd-division/country:us/state:ia/cd:5,Iowa's 5th congressional district (obsolete as of 2012),cd-1905,2013-01-03
ocd-division/country:us/state:la/cd:7,Louisiana's 7th congressional district (obsolete as of 2012),cd-2207,2013-01-03
ocd-division/country:us/state:ma/cd:10,Massachusetts's 10th congressional district (obsolete as of 2012),cd-2510,2013-01-03
ocd-division/country:us/state:mi/cd:15,Michigan's 15th congressional district (obsolete as of 2012),cd-2615,2013-01-03
ocd-division/country:us/state:mo/cd:9,Missouri's 9th congressional district (obsolete as of 2012),cd-2909,2013-01-03
ocd-division/country:us/state:nj/cd:13,New Jersey's 13th congressional district (obsolete as of 2012),cd-3413,2013-01-03
ocd-division/country:us/state:ny/cd:28,New York's 28th congressional district (obsolete as of 2012),cd-3628,2013-01-03
ocd-division/country:us/state:ny/cd:29,New York's 29th congressional district (obsolete as of 2012),cd-3629,2013-01-03
ocd-division/country:us/state:oh/cd:17,Ohio's 17th congressional district (obsolete as of 2012),cd-3917,2013-01-03
ocd-division/country:us/state:oh/cd:18,Ohio's 18th congressional district (obsolete as of 2012),cd-3918,2013-01-03
ocd-division/country:us/state:pa/cd:19,Pennsylvania's 19th congressional district (obsolete as of 2012),cd-4219,2013-01-03
