id,sameAs,sameAsNote
ocd-division/country:de/land:bb,ocd-division/country:de/state:bb,Added for backwards compatibility with land identifiers
ocd-division/country:de/land:be,ocd-division/country:de/state:be,Added for backwards compatibility with land identifiers
ocd-division/country:de/land:bw,ocd-division/country:de/state:bw,Added for backwards compatibility with land identifiers
ocd-division/country:de/land:by,ocd-division/country:de/state:by,Added for backwards compatibility with land identifiers
ocd-division/country:de/land:hb,ocd-division/country:de/state:hb,Added for backwards compatibility with land identifiers
ocd-division/country:de/land:he,ocd-division/country:de/state:he,Added for backwards compatibility with land identifiers
ocd-division/country:de/land:hh,ocd-division/country:de/state:hh,Added for backwards compatibility with land identifiers
ocd-division/country:de/land:mv,ocd-division/country:de/state:mv,Added for backwards compatibility with land identifiers
ocd-division/country:de/land:ni,ocd-division/country:de/state:ni,Added for backwards compatibility with land identifiers
ocd-division/country:de/land:nw,ocd-division/country:de/state:nw,Added for backwards compatibility with land identifiers
ocd-division/country:de/land:rp,ocd-division/country:de/state:rp,Added for backwards compatibility with land identifiers
ocd-division/country:de/land:sh,ocd-division/country:de/state:sh,Added for backwards compatibility with land identifiers
ocd-division/country:de/land:sl,ocd-division/country:de/state:sl,Added for backwards compatibility with land identifiers
ocd-division/country:de/land:sn,ocd-division/country:de/state:sn,Added for backwards compatibility with land identifiers
ocd-division/country:de/land:st,ocd-division/country:de/state:st,Added for backwards compatibility with land identifiers
ocd-division/country:de/land:th,ocd-division/country:de/state:th,Added for backwards compatibility with land identifiers
ocd-division/country:de/land:bb/wahlkreis:brandenburg_an_der_havel_~_potsdam-mittelmark_i_~_havelland_iii_~_teltow-fläming_i,ocd-division/country:de/state:bb/cd:60,Added for backwards compatibility with land/wahlkreis identifiers
ocd-division/country:de/land:bb/wahlkreis:cottbus_~_spree-neiße,ocd-division/country:de/state:bb/cd:64,Added for backwards compatibility with land/wahlkreis identifiers
ocd-division/country:de/land:bb/wahlkreis:dahme-spreewald_~_teltow-fläming_iii_~_oberspreewald-lausitz_i,ocd-division/country:de/state:bb/cd:62,Added for backwards compatibility with land/wahlkreis identifiers
ocd-division/country:de/land:bb/wahlkreis:elbe-elster_~_oberspreewald-lausitz_ii,ocd-division/country:de/state:bb/cd:65,Added for backwards compatibility with land/wahlkreis identifiers
ocd-division/country:de/land:bb/wahlkreis:frankfurt_oder_~_oder-spree,ocd-division/country:de/state:bb/cd:63,Added for backwards compatibility with land/wahlkreis identifiers
ocd-division/country:de/land:bb/wahlkreis:märkisch-oderland_~_barnim_ii,ocd-division/country:de/state:bb/cd:59,Added for backwards compatibility with land/wahlkreis identifiers
ocd-division/country:de/land:bb/wahlkreis:oberhavel_~_havelland_ii,ocd-division/country:de/state:bb/cd:58,Added for backwards compatibility with land/wahlkreis identifiers
ocd-division/country:de/land:bb/wahlkreis:potsdam_~_potsdam-mittelmark_ii_~_teltow-fläming_ii,ocd-division/country:de/state:bb/cd:61,Added for backwards compatibility with land/wahlkreis identifiers
ocd-division/country:de/land:bb/wahlkreis:prignitz_~_ostprignitz-ruppin_~_havelland_i,ocd-division/country:de/state:bb/cd:56,Added for backwards compatibility with land/wahlkreis identifiers
ocd-division/country:de/land:bb/wahlkreis:uckermark_~_barnim_i,ocd-division/country:de/state:bb/cd:57,Added for backwards compatibility with land/wahlkreis identifiers
ocd-division/country:de/land:be/wahlkreis:berlin-charlottenburg-wilmersdorf,ocd-division/country:de/state:be/cd:80,Added for backwards compatibility with land/wahlkreis identifiers
ocd-division/country:de/land:be/wahlkreis:berlin-friedrichshain-kreuzberg_~_prenzlauer_berg_ost,ocd-division/country:de/state:be/cd:83,Added for backwards compatibility with land/wahlkreis identifiers
ocd-division/country:de/land:be/wahlkreis:berlin-lichtenberg,ocd-division/country:de/state:be/cd:86,Added for backwards compatibility with land/wahlkreis identifiers
ocd-division/country:de/land:be/wahlkreis:berlin-marzahn-hellersdorf,ocd-division/country:de/state:be/cd:85,Added for backwards compatibility with land/wahlkreis identifiers
ocd-division/country:de/land:be/wahlkreis:berlin-mitte,ocd-division/country:de/state:be/cd:75,Added for backwards compatibility with land/wahlkreis identifiers
ocd-division/country:de/land:be/wahlkreis:berlin-neukölln,ocd-division/country:de/state:be/cd:82,Added for backwards compatibility with land/wahlkreis identifiers
ocd-division/country:de/land:be/wahlkreis:berlin-pankow,ocd-division/country:de/state:be/cd:76,Added for backwards compatibility with land/wahlkreis identifiers
ocd-division/country:de/land:be/wahlkreis:berlin-reinickendorf,ocd-division/country:de/state:be/cd:77,Added for backwards compatibility with land/wahlkreis identifiers
ocd-division/country:de/land:be/wahlkreis:berlin-spandau_~_charlottenburg_nord,ocd-division/country:de/state:be/cd:78,Added for backwards compatibility with land/wahlkreis identifiers
ocd-division/country:de/land:be/wahlkreis:berlin-steglitz-zehlendorf,ocd-division/country:de/state:be/cd:79,Added for backwards compatibility with land/wahlkreis identifiers
ocd-division/country:de/land:be/wahlkreis:berlin-tempelhof-schöneberg,ocd-division/country:de/state:be/cd:81,Added for backwards compatibility with land/wahlkreis identifiers
ocd-division/country:de/land:be/wahlkreis:berlin-treptow-köpenick,ocd-division/country:de/state:be/cd:84,Added for backwards compatibility with land/wahlkreis identifiers
ocd-division/country:de/land:bw/wahlkreis:aalen_~_heidenheim,ocd-division/country:de/state:bw/cd:270,Added for backwards compatibility with land/wahlkreis identifiers
ocd-division/country:de/land:bw/wahlkreis:backnang_~_schwäbisch_gmünd,ocd-division/country:de/state:bw/cd:269,Added for backwards compatibility with land/wahlkreis identifiers
ocd-division/country:de/land:bw/wahlkreis:biberach,ocd-division/country:de/state:bw/cd:292,Added for backwards compatibility with land/wahlkreis identifiers
ocd-division/country:de/land:bw/wahlkreis:böblingen,ocd-division/country:de/state:bw/cd:260,Added for backwards compatibility with land/wahlkreis identifiers
ocd-division/country:de/land:bw/wahlkreis:bodensee,ocd-division/country:de/state:bw/cd:293,Added for backwards compatibility with land/wahlkreis identifiers
ocd-division/country:de/land:bw/wahlkreis:bruchsal_~_schwetzingen,ocd-division/country:de/state:bw/cd:278,Added for backwards compatibility with land/wahlkreis identifiers
ocd-division/country:de/land:bw/wahlkreis:calw,ocd-division/country:de/state:bw/cd:280,Added for backwards compatibility with land/wahlkreis identifiers
ocd-division/country:de/land:bw/wahlkreis:emmendingen_~_lahr,ocd-division/country:de/state:bw/cd:283,Added for backwards compatibility with land/wahlkreis identifiers
ocd-division/country:de/land:bw/wahlkreis:esslingen,ocd-division/country:de/state:bw/cd:261,Added for backwards compatibility with land/wahlkreis identifiers
ocd-division/country:de/land:bw/wahlkreis:freiburg,ocd-division/country:de/state:bw/cd:281,Added for backwards compatibility with land/wahlkreis identifiers
ocd-division/country:de/land:bw/wahlkreis:göppingen,ocd-division/country:de/state:bw/cd:263,Added for backwards compatibility with land/wahlkreis identifiers
ocd-division/country:de/land:bw/wahlkreis:heidelberg,ocd-division/country:de/state:bw/cd:274,Added for backwards compatibility with land/wahlkreis identifiers
ocd-division/country:de/land:bw/wahlkreis:heilbronn,ocd-division/country:de/state:bw/cd:267,Added for backwards compatibility with land/wahlkreis identifiers
ocd-division/country:de/land:bw/wahlkreis:karlsruhe-land,ocd-division/country:de/state:bw/cd:272,Added for backwards compatibility with land/wahlkreis identifiers
ocd-division/country:de/land:bw/wahlkreis:karlsruhe-stadt,ocd-division/country:de/state:bw/cd:271,Added for backwards compatibility with land/wahlkreis identifiers
ocd-division/country:de/land:bw/wahlkreis:konstanz,ocd-division/country:de/state:bw/cd:287,Added for backwards compatibility with land/wahlkreis identifiers
ocd-division/country:de/land:bw/wahlkreis:lörrach_~_müllheim,ocd-division/country:de/state:bw/cd:282,Added for backwards compatibility with land/wahlkreis identifiers
ocd-division/country:de/land:bw/wahlkreis:ludwigsburg,ocd-division/country:de/state:bw/cd:265,Added for backwards compatibility with land/wahlkreis identifiers
ocd-division/country:de/land:bw/wahlkreis:mannheim,ocd-division/country:de/state:bw/cd:275,Added for backwards compatibility with land/wahlkreis identifiers
ocd-division/country:de/land:bw/wahlkreis:neckar-zaber,ocd-division/country:de/state:bw/cd:266,Added for backwards compatibility with land/wahlkreis identifiers
ocd-division/country:de/land:bw/wahlkreis:nürtingen,ocd-division/country:de/state:bw/cd:262,Added for backwards compatibility with land/wahlkreis identifiers
ocd-division/country:de/land:bw/wahlkreis:odenwald_~_tauber,ocd-division/country:de/state:bw/cd:276,Added for backwards compatibility with land/wahlkreis identifiers
ocd-division/country:de/land:bw/wahlkreis:offenburg,ocd-division/country:de/state:bw/cd:284,Added for backwards compatibility with land/wahlkreis identifiers
ocd-division/country:de/land:bw/wahlkreis:pforzheim,ocd-division/country:de/state:bw/cd:279,Added for backwards compatibility with land/wahlkreis identifiers
ocd-division/country:de/land:bw/wahlkreis:rastatt,ocd-division/country:de/state:bw/cd:273,Added for backwards compatibility with land/wahlkreis identifiers
ocd-division/country:de/land:bw/wahlkreis:ravensburg,ocd-division/country:de/state:bw/cd:294,Added for backwards compatibility with land/wahlkreis identifiers
ocd-division/country:de/land:bw/wahlkreis:reutlingen,ocd-division/country:de/state:bw/cd:289,Added for backwards compatibility with land/wahlkreis identifiers
ocd-division/country:de/land:bw/wahlkreis:rhein-neckar,ocd-division/country:de/state:bw/cd:277,Added for backwards compatibility with land/wahlkreis identifiers
ocd-division/country:de/land:bw/wahlkreis:rottweil_~_tuttlingen,ocd-division/country:de/state:bw/cd:285,Added for backwards compatibility with land/wahlkreis identifiers
ocd-division/country:de/land:bw/wahlkreis:schwäbisch_hall_~_hohenlohe,ocd-division/country:de/state:bw/cd:268,Added for backwards compatibility with land/wahlkreis identifiers
ocd-division/country:de/land:bw/wahlkreis:schwarzwald-baar,ocd-division/country:de/state:bw/cd:286,Added for backwards compatibility with land/wahlkreis identifiers
ocd-division/country:de/land:bw/wahlkreis:stuttgart_ii,ocd-division/country:de/state:bw/cd:259,Added for backwards compatibility with land/wahlkreis identifiers
ocd-division/country:de/land:bw/wahlkreis:stuttgart_i,ocd-division/country:de/state:bw/cd:258,Added for backwards compatibility with land/wahlkreis identifiers
ocd-division/country:de/land:bw/wahlkreis:tübingen,ocd-division/country:de/state:bw/cd:290,Added for backwards compatibility with land/wahlkreis identifiers
ocd-division/country:de/land:bw/wahlkreis:ulm,ocd-division/country:de/state:bw/cd:291,Added for backwards compatibility with land/wahlkreis identifiers
ocd-division/country:de/land:bw/wahlkreis:waiblingen,ocd-division/country:de/state:bw/cd:264,Added for backwards compatibility with land/wahlkreis identifiers
ocd-division/country:de/land:bw/wahlkreis:waldshut,ocd-division/country:de/state:bw/cd:288,Added for backwards compatibility with land/wahlkreis identifiers
ocd-division/country:de/land:bw/wahlkreis:zollernalb_~_sigmaringen,ocd-division/country:de/state:bw/cd:295,Added for backwards compatibility with land/wahlkreis identifiers
ocd-division/country:de/land:by/wahlkreis:altötting,ocd-division/country:de/state:by/cd:212,Added for backwards compatibility with land/wahlkreis identifiers
ocd-division/country:de/land:by/wahlkreis:amberg,ocd-division/country:de/state:by/cd:232,Added for backwards compatibility with land/wahlkreis identifiers
ocd-division/country:de/land:by/wahlkreis:ansbach,ocd-division/country:de/state:by/cd:241,Added for backwards compatibility with land/wahlkreis identifiers
ocd-division/country:de/land:by/wahlkreis:aschaffenburg,ocd-division/country:de/state:by/cd:247,Added for backwards compatibility with land/wahlkreis identifiers
ocd-division/country:de/land:by/wahlkreis:augsburg-land,ocd-division/country:de/state:by/cd:253,Added for backwards compatibility with land/wahlkreis identifiers
ocd-division/country:de/land:by/wahlkreis:augsburg-stadt,ocd-division/country:de/state:by/cd:252,Added for backwards compatibility with land/wahlkreis identifiers
ocd-division/country:de/land:by/wahlkreis:bad_kissingen,ocd-division/country:de/state:by/cd:248,Added for backwards compatibility with land/wahlkreis identifiers
ocd-division/country:de/land:by/wahlkreis:bad_tölz-wolfratshausen_~_miesbach,ocd-division/country:de/state:by/cd:223,Added for backwards compatibility with land/wahlkreis identifiers
ocd-division/country:de/land:by/wahlkreis:bamberg,ocd-division/country:de/state:by/cd:236,Added for backwards compatibility with land/wahlkreis identifiers
ocd-division/country:de/land:by/wahlkreis:bayreuth,ocd-division/country:de/state:by/cd:237,Added for backwards compatibility with land/wahlkreis identifiers
ocd-division/country:de/land:by/wahlkreis:coburg,ocd-division/country:de/state:by/cd:238,Added for backwards compatibility with land/wahlkreis identifiers
ocd-division/country:de/land:by/wahlkreis:deggendorf,ocd-division/country:de/state:by/cd:227,Added for backwards compatibility with land/wahlkreis identifiers
ocd-division/country:de/land:by/wahlkreis:donau-ries,ocd-division/country:de/state:by/cd:254,Added for backwards compatibility with land/wahlkreis identifiers
ocd-division/country:de/land:by/wahlkreis:erding_~_ebersberg,ocd-division/country:de/state:by/cd:213,Added for backwards compatibility with land/wahlkreis identifiers
ocd-division/country:de/land:by/wahlkreis:erlangen,ocd-division/country:de/state:by/cd:242,Added for backwards compatibility with land/wahlkreis identifiers
ocd-division/country:de/land:by/wahlkreis:freising,ocd-division/country:de/state:by/cd:214,Added for backwards compatibility with land/wahlkreis identifiers
ocd-division/country:de/land:by/wahlkreis:fürstenfeldbruck,ocd-division/country:de/state:by/cd:215,Added for backwards compatibility with land/wahlkreis identifiers
ocd-division/country:de/land:by/wahlkreis:fürth,ocd-division/country:de/state:by/cd:243,Added for backwards compatibility with land/wahlkreis identifiers
ocd-division/country:de/land:by/wahlkreis:hof,ocd-division/country:de/state:by/cd:239,Added for backwards compatibility with land/wahlkreis identifiers
ocd-division/country:de/land:by/wahlkreis:ingolstadt,ocd-division/country:de/state:by/cd:216,Added for backwards compatibility with land/wahlkreis identifiers
ocd-division/country:de/land:by/wahlkreis:kulmbach,ocd-division/country:de/state:by/cd:240,Added for backwards compatibility with land/wahlkreis identifiers
ocd-division/country:de/land:by/wahlkreis:landshut,ocd-division/country:de/state:by/cd:228,Added for backwards compatibility with land/wahlkreis identifiers
ocd-division/country:de/land:by/wahlkreis:main-spessart,ocd-division/country:de/state:by/cd:249,Added for backwards compatibility with land/wahlkreis identifiers
ocd-division/country:de/land:by/wahlkreis:münchen-land,ocd-division/country:de/state:by/cd:221,Added for backwards compatibility with land/wahlkreis identifiers
ocd-division/country:de/land:by/wahlkreis:münchen-nord,ocd-division/country:de/state:by/cd:217,Added for backwards compatibility with land/wahlkreis identifiers
ocd-division/country:de/land:by/wahlkreis:münchen-ost,ocd-division/country:de/state:by/cd:218,Added for backwards compatibility with land/wahlkreis identifiers
ocd-division/country:de/land:by/wahlkreis:münchen-süd,ocd-division/country:de/state:by/cd:219,Added for backwards compatibility with land/wahlkreis identifiers
ocd-division/country:de/land:by/wahlkreis:münchen-west~mitte,ocd-division/country:de/state:by/cd:220,Added for backwards compatibility with land/wahlkreis identifiers
ocd-division/country:de/land:by/wahlkreis:neu-ulm,ocd-division/country:de/state:by/cd:255,Added for backwards compatibility with land/wahlkreis identifiers
ocd-division/country:de/land:by/wahlkreis:nürnberg-nord,ocd-division/country:de/state:by/cd:244,Added for backwards compatibility with land/wahlkreis identifiers
ocd-division/country:de/land:by/wahlkreis:nürnberg-süd,ocd-division/country:de/state:by/cd:245,Added for backwards compatibility with land/wahlkreis identifiers
ocd-division/country:de/land:by/wahlkreis:oberallgäu,ocd-division/country:de/state:by/cd:256,Added for backwards compatibility with land/wahlkreis identifiers
ocd-division/country:de/land:by/wahlkreis:ostallgäu,ocd-division/country:de/state:by/cd:257,Added for backwards compatibility with land/wahlkreis identifiers
ocd-division/country:de/land:by/wahlkreis:passau,ocd-division/country:de/state:by/cd:229,Added for backwards compatibility with land/wahlkreis identifiers
ocd-division/country:de/land:by/wahlkreis:regensburg,ocd-division/country:de/state:by/cd:233,Added for backwards compatibility with land/wahlkreis identifiers
ocd-division/country:de/land:by/wahlkreis:rosenheim,ocd-division/country:de/state:by/cd:222,Added for backwards compatibility with land/wahlkreis identifiers
ocd-division/country:de/land:by/wahlkreis:roth,ocd-division/country:de/state:by/cd:246,Added for backwards compatibility with land/wahlkreis identifiers
ocd-division/country:de/land:by/wahlkreis:rottal-inn,ocd-division/country:de/state:by/cd:230,Added for backwards compatibility with land/wahlkreis identifiers
ocd-division/country:de/land:by/wahlkreis:schwandorf,ocd-division/country:de/state:by/cd:234,Added for backwards compatibility with land/wahlkreis identifiers
ocd-division/country:de/land:by/wahlkreis:schweinfurt,ocd-division/country:de/state:by/cd:250,Added for backwards compatibility with land/wahlkreis identifiers
ocd-division/country:de/land:by/wahlkreis:starnberg_~_landsberg_am_lech,ocd-division/country:de/state:by/cd:224,Added for backwards compatibility with land/wahlkreis identifiers
ocd-division/country:de/land:by/wahlkreis:straubing,ocd-division/country:de/state:by/cd:231,Added for backwards compatibility with land/wahlkreis identifiers
ocd-division/country:de/land:by/wahlkreis:traunstein,ocd-division/country:de/state:by/cd:225,Added for backwards compatibility with land/wahlkreis identifiers
ocd-division/country:de/land:by/wahlkreis:weiden,ocd-division/country:de/state:by/cd:235,Added for backwards compatibility with land/wahlkreis identifiers
ocd-division/country:de/land:by/wahlkreis:weilheim,ocd-division/country:de/state:by/cd:226,Added for backwards compatibility with land/wahlkreis identifiers
ocd-division/country:de/land:by/wahlkreis:würzburg,ocd-division/country:de/state:by/cd:251,Added for backwards compatibility with land/wahlkreis identifiers
ocd-division/country:de/land:hb/wahlkreis:bremen_ii_~_bremerhaven,ocd-division/country:de/state:hb/cd:55,Added for backwards compatibility with land/wahlkreis identifiers
ocd-division/country:de/land:hb/wahlkreis:bremen_i,ocd-division/country:de/state:hb/cd:54,Added for backwards compatibility with land/wahlkreis identifiers
ocd-division/country:de/land:he/wahlkreis:bergstraße,ocd-division/country:de/state:he/cd:188,Added for backwards compatibility with land/wahlkreis identifiers
ocd-division/country:de/land:he/wahlkreis:darmstadt,ocd-division/country:de/state:he/cd:186,Added for backwards compatibility with land/wahlkreis identifiers
ocd-division/country:de/land:he/wahlkreis:frankfurt_am_main_ii,ocd-division/country:de/state:he/cd:183,Added for backwards compatibility with land/wahlkreis identifiers
ocd-division/country:de/land:he/wahlkreis:frankfurt_am_main_i,ocd-division/country:de/state:he/cd:182,Added for backwards compatibility with land/wahlkreis identifiers
ocd-division/country:de/land:he/wahlkreis:fulda,ocd-division/country:de/state:he/cd:174,Added for backwards compatibility with land/wahlkreis identifiers
ocd-division/country:de/land:he/wahlkreis:gießen,ocd-division/country:de/state:he/cd:173,Added for backwards compatibility with land/wahlkreis identifiers
ocd-division/country:de/land:he/wahlkreis:groß-gerau,ocd-division/country:de/state:he/cd:184,Added for backwards compatibility with land/wahlkreis identifiers
ocd-division/country:de/land:he/wahlkreis:hanau,ocd-division/country:de/state:he/cd:180,Added for backwards compatibility with land/wahlkreis identifiers
ocd-division/country:de/land:he/wahlkreis:hochtaunus,ocd-division/country:de/state:he/cd:176,Added for backwards compatibility with land/wahlkreis identifiers
ocd-division/country:de/land:he/wahlkreis:kassel,ocd-division/country:de/state:he/cd:168,Added for backwards compatibility with land/wahlkreis identifiers
ocd-division/country:de/land:he/wahlkreis:lahn-dill,ocd-division/country:de/state:he/cd:172,Added for backwards compatibility with land/wahlkreis identifiers
ocd-division/country:de/land:he/wahlkreis:main-kinzig_~_wetterau_ii_~_schotten,ocd-division/country:de/state:he/cd:175,Added for backwards compatibility with land/wahlkreis identifiers
ocd-division/country:de/land:he/wahlkreis:main-taunus,ocd-division/country:de/state:he/cd:181,Added for backwards compatibility with land/wahlkreis identifiers
ocd-division/country:de/land:he/wahlkreis:marburg,ocd-division/country:de/state:he/cd:171,Added for backwards compatibility with land/wahlkreis identifiers
ocd-division/country:de/land:he/wahlkreis:odenwald,ocd-division/country:de/state:he/cd:187,Added for backwards compatibility with land/wahlkreis identifiers
ocd-division/country:de/land:he/wahlkreis:offenbach,ocd-division/country:de/state:he/cd:185,Added for backwards compatibility with land/wahlkreis identifiers
ocd-division/country:de/land:he/wahlkreis:rheingau-taunus_~_limburg,ocd-division/country:de/state:he/cd:178,Added for backwards compatibility with land/wahlkreis identifiers
ocd-division/country:de/land:he/wahlkreis:schwalm-eder,ocd-division/country:de/state:he/cd:170,Added for backwards compatibility with land/wahlkreis identifiers
ocd-division/country:de/land:he/wahlkreis:waldeck,ocd-division/country:de/state:he/cd:167,Added for backwards compatibility with land/wahlkreis identifiers
ocd-division/country:de/land:he/wahlkreis:werra-meißner_~_hersfeld-rotenburg,ocd-division/country:de/state:he/cd:169,Added for backwards compatibility with land/wahlkreis identifiers
ocd-division/country:de/land:he/wahlkreis:wetterau_i,ocd-division/country:de/state:he/cd:177,Added for backwards compatibility with land/wahlkreis identifiers
ocd-division/country:de/land:he/wahlkreis:wiesbaden,ocd-division/country:de/state:he/cd:179,Added for backwards compatibility with land/wahlkreis identifiers
ocd-division/country:de/land:hh/wahlkreis:hamburg-altona,ocd-division/country:de/state:hh/cd:19,Added for backwards compatibility with land/wahlkreis identifiers
ocd-division/country:de/land:hh/wahlkreis:hamburg-bergedorf_~_harburg,ocd-division/country:de/state:hh/cd:23,Added for backwards compatibility with land/wahlkreis identifiers
ocd-division/country:de/land:hh/wahlkreis:hamburg-eimsbüttel,ocd-division/country:de/state:hh/cd:20,Added for backwards compatibility with land/wahlkreis identifiers
ocd-division/country:de/land:hh/wahlkreis:hamburg-mitte,ocd-division/country:de/state:hh/cd:18,Added for backwards compatibility with land/wahlkreis identifiers
ocd-division/country:de/land:hh/wahlkreis:hamburg-nord,ocd-division/country:de/state:hh/cd:21,Added for backwards compatibility with land/wahlkreis identifiers
ocd-division/country:de/land:hh/wahlkreis:hamburg-wandsbek,ocd-division/country:de/state:hh/cd:22,Added for backwards compatibility with land/wahlkreis identifiers
ocd-division/country:de/land:mv/wahlkreis:ludwigslust-parchim_ii_~_nordwestmecklenburg_ii_~_landkreis_rostock_i,ocd-division/country:de/state:mv/cd:13,Added for backwards compatibility with land/wahlkreis identifiers
ocd-division/country:de/land:mv/wahlkreis:mecklenburgische_seenplatte_ii_~_landkreis_rostock_iii,ocd-division/country:de/state:mv/cd:17,Added for backwards compatibility with land/wahlkreis identifiers
ocd-division/country:de/land:mv/wahlkreis:mecklenburgische_seenplatte_i_~_vorpommern-greifswald_ii,ocd-division/country:de/state:mv/cd:16,Added for backwards compatibility with land/wahlkreis identifiers
ocd-division/country:de/land:mv/wahlkreis:rostock_~_landkreis_rostock_ii,ocd-division/country:de/state:mv/cd:14,Added for backwards compatibility with land/wahlkreis identifiers
ocd-division/country:de/land:mv/wahlkreis:schwerin_~_ludwigslust-parchim_i_~_nordwestmecklenburg_i,ocd-division/country:de/state:mv/cd:12,Added for backwards compatibility with land/wahlkreis identifiers
ocd-division/country:de/land:mv/wahlkreis:vorpommern-rügen_~_vorpommern-greifswald_i,ocd-division/country:de/state:mv/cd:15,Added for backwards compatibility with land/wahlkreis identifiers
ocd-division/country:de/land:ni/wahlkreis:aurich_~_emden,ocd-division/country:de/state:ni/cd:24,Added for backwards compatibility with land/wahlkreis identifiers
ocd-division/country:de/land:ni/wahlkreis:braunschweig,ocd-division/country:de/state:ni/cd:50,Added for backwards compatibility with land/wahlkreis identifiers
ocd-division/country:de/land:ni/wahlkreis:celle_~_uelzen,ocd-division/country:de/state:ni/cd:44,Added for backwards compatibility with land/wahlkreis identifiers
ocd-division/country:de/land:ni/wahlkreis:cloppenburg_~_vechta,ocd-division/country:de/state:ni/cd:32,Added for backwards compatibility with land/wahlkreis identifiers
ocd-division/country:de/land:ni/wahlkreis:cuxhaven_~_stade_ii,ocd-division/country:de/state:ni/cd:29,Added for backwards compatibility with land/wahlkreis identifiers
ocd-division/country:de/land:ni/wahlkreis:delmenhorst_~_wesermarsch_~_oldenburg-land,ocd-division/country:de/state:ni/cd:28,Added for backwards compatibility with land/wahlkreis identifiers
ocd-division/country:de/land:ni/wahlkreis:diepholz_~_nienburg_i,ocd-division/country:de/state:ni/cd:33,Added for backwards compatibility with land/wahlkreis identifiers
ocd-division/country:de/land:ni/wahlkreis:friesland_~_wilhelmshaven_~_wittmund,ocd-division/country:de/state:ni/cd:26,Added for backwards compatibility with land/wahlkreis identifiers
ocd-division/country:de/land:ni/wahlkreis:gifhorn_~_peine,ocd-division/country:de/state:ni/cd:45,Added for backwards compatibility with land/wahlkreis identifiers
ocd-division/country:de/land:ni/wahlkreis:goslar_~_northeim_~_osterode,ocd-division/country:de/state:ni/cd:52,Added for backwards compatibility with land/wahlkreis identifiers
ocd-division/country:de/land:ni/wahlkreis:göttingen,ocd-division/country:de/state:ni/cd:53,Added for backwards compatibility with land/wahlkreis identifiers
ocd-division/country:de/land:ni/wahlkreis:hameln-pyrmont_~_holzminden,ocd-division/country:de/state:ni/cd:46,Added for backwards compatibility with land/wahlkreis identifiers
ocd-division/country:de/land:ni/wahlkreis:hannover-land_ii,ocd-division/country:de/state:ni/cd:47,Added for backwards compatibility with land/wahlkreis identifiers
ocd-division/country:de/land:ni/wahlkreis:hannover-land_i,ocd-division/country:de/state:ni/cd:43,Added for backwards compatibility with land/wahlkreis identifiers
ocd-division/country:de/land:ni/wahlkreis:harburg,ocd-division/country:de/state:ni/cd:36,Added for backwards compatibility with land/wahlkreis identifiers
ocd-division/country:de/land:ni/wahlkreis:helmstedt_~_wolfsburg,ocd-division/country:de/state:ni/cd:51,Added for backwards compatibility with land/wahlkreis identifiers
ocd-division/country:de/land:ni/wahlkreis:hildesheim,ocd-division/country:de/state:ni/cd:48,Added for backwards compatibility with land/wahlkreis identifiers
ocd-division/country:de/land:ni/wahlkreis:lüchow-dannenberg_~_lüneburg,ocd-division/country:de/state:ni/cd:37,Added for backwards compatibility with land/wahlkreis identifiers
ocd-division/country:de/land:ni/wahlkreis:mittelems,ocd-division/country:de/state:ni/cd:31,Added for backwards compatibility with land/wahlkreis identifiers
ocd-division/country:de/land:ni/wahlkreis:nienburg_ii_~_schaumburg,ocd-division/country:de/state:ni/cd:40,Added for backwards compatibility with land/wahlkreis identifiers
ocd-division/country:de/land:ni/wahlkreis:oldenburg_~_ammerland,ocd-division/country:de/state:ni/cd:27,Added for backwards compatibility with land/wahlkreis identifiers
ocd-division/country:de/land:ni/wahlkreis:osnabrück-land,ocd-division/country:de/state:ni/cd:38,Added for backwards compatibility with land/wahlkreis identifiers
ocd-division/country:de/land:ni/wahlkreis:osterholz_~_verden,ocd-division/country:de/state:ni/cd:34,Added for backwards compatibility with land/wahlkreis identifiers
ocd-division/country:de/land:ni/wahlkreis:rotenburg_i_~_heidekreis,ocd-division/country:de/state:ni/cd:35,Added for backwards compatibility with land/wahlkreis identifiers
ocd-division/country:de/land:ni/wahlkreis:salzgitter_~_wolfenbüttel,ocd-division/country:de/state:ni/cd:49,Added for backwards compatibility with land/wahlkreis identifiers
ocd-division/country:de/land:ni/wahlkreis:stade_i_~_rotenburg_ii,ocd-division/country:de/state:ni/cd:30,Added for backwards compatibility with land/wahlkreis identifiers
ocd-division/country:de/land:ni/wahlkreis:stadt_hannover_ii,ocd-division/country:de/state:ni/cd:42,Added for backwards compatibility with land/wahlkreis identifiers
ocd-division/country:de/land:ni/wahlkreis:stadt_hannover_i,ocd-division/country:de/state:ni/cd:41,Added for backwards compatibility with land/wahlkreis identifiers
ocd-division/country:de/land:ni/wahlkreis:stadt_osnabrück,ocd-division/country:de/state:ni/cd:39,Added for backwards compatibility with land/wahlkreis identifiers
ocd-division/country:de/land:ni/wahlkreis:unterems,ocd-division/country:de/state:ni/cd:25,Added for backwards compatibility with land/wahlkreis identifiers
ocd-division/country:de/land:nw/wahlkreis:aachen_ii,ocd-division/country:de/state:nw/cd:88,Added for backwards compatibility with land/wahlkreis identifiers
ocd-division/country:de/land:nw/wahlkreis:aachen_i,ocd-division/country:de/state:nw/cd:87,Added for backwards compatibility with land/wahlkreis identifiers
ocd-division/country:de/land:nw/wahlkreis:bielefeld_~_gütersloh_ii,ocd-division/country:de/state:nw/cd:132,Added for backwards compatibility with land/wahlkreis identifiers
ocd-division/country:de/land:nw/wahlkreis:bochum_i,ocd-division/country:de/state:nw/cd:140,Added for backwards compatibility with land/wahlkreis identifiers
ocd-division/country:de/land:nw/wahlkreis:bonn,ocd-division/country:de/state:nw/cd:96,Added for backwards compatibility with land/wahlkreis identifiers
ocd-division/country:de/land:nw/wahlkreis:borken_ii,ocd-division/country:de/state:nw/cd:126,Added for backwards compatibility with land/wahlkreis identifiers
ocd-division/country:de/land:nw/wahlkreis:bottrop_~_recklinghausen_iii,ocd-division/country:de/state:nw/cd:125,Added for backwards compatibility with land/wahlkreis identifiers
ocd-division/country:de/land:nw/wahlkreis:coesfeld_~_steinfurt_ii,ocd-division/country:de/state:nw/cd:127,Added for backwards compatibility with land/wahlkreis identifiers
ocd-division/country:de/land:nw/wahlkreis:dortmund_ii,ocd-division/country:de/state:nw/cd:143,Added for backwards compatibility with land/wahlkreis identifiers
ocd-division/country:de/land:nw/wahlkreis:dortmund_i,ocd-division/country:de/state:nw/cd:142,Added for backwards compatibility with land/wahlkreis identifiers
ocd-division/country:de/land:nw/wahlkreis:duisburg_ii,ocd-division/country:de/state:nw/cd:116,Added for backwards compatibility with land/wahlkreis identifiers
ocd-division/country:de/land:nw/wahlkreis:duisburg_i,ocd-division/country:de/state:nw/cd:115,Added for backwards compatibility with land/wahlkreis identifiers
ocd-division/country:de/land:nw/wahlkreis:düren,ocd-division/country:de/state:nw/cd:90,Added for backwards compatibility with land/wahlkreis identifiers
ocd-division/country:de/land:nw/wahlkreis:düsseldorf_ii,ocd-division/country:de/state:nw/cd:107,Added for backwards compatibility with land/wahlkreis identifiers
ocd-division/country:de/land:nw/wahlkreis:düsseldorf_i,ocd-division/country:de/state:nw/cd:106,Added for backwards compatibility with land/wahlkreis identifiers
ocd-division/country:de/land:nw/wahlkreis:ennepe-ruhr-kreis_ii,ocd-division/country:de/state:nw/cd:139,Added for backwards compatibility with land/wahlkreis identifiers
ocd-division/country:de/land:nw/wahlkreis:essen_iii,ocd-division/country:de/state:nw/cd:120,Added for backwards compatibility with land/wahlkreis identifiers
ocd-division/country:de/land:nw/wahlkreis:essen_ii,ocd-division/country:de/state:nw/cd:119,Added for backwards compatibility with land/wahlkreis identifiers
ocd-division/country:de/land:nw/wahlkreis:euskirchen_~_rhein-erft-kreis_ii,ocd-division/country:de/state:nw/cd:92,Added for backwards compatibility with land/wahlkreis identifiers
ocd-division/country:de/land:nw/wahlkreis:gelsenkirchen,ocd-division/country:de/state:nw/cd:123,Added for backwards compatibility with land/wahlkreis identifiers
ocd-division/country:de/land:nw/wahlkreis:gütersloh_i,ocd-division/country:de/state:nw/cd:131,Added for backwards compatibility with land/wahlkreis identifiers
ocd-division/country:de/land:nw/wahlkreis:hagen_~_ennepe-ruhr-kreis_i,ocd-division/country:de/state:nw/cd:138,Added for backwards compatibility with land/wahlkreis identifiers
ocd-division/country:de/land:nw/wahlkreis:hamm_~_unna_ii,ocd-division/country:de/state:nw/cd:145,Added for backwards compatibility with land/wahlkreis identifiers
ocd-division/country:de/land:nw/wahlkreis:heinsberg,ocd-division/country:de/state:nw/cd:89,Added for backwards compatibility with land/wahlkreis identifiers
ocd-division/country:de/land:nw/wahlkreis:herford_~_minden-lübbecke_ii,ocd-division/country:de/state:nw/cd:133,Added for backwards compatibility with land/wahlkreis identifiers
ocd-division/country:de/land:nw/wahlkreis:herne_~_bochum_ii,ocd-division/country:de/state:nw/cd:141,Added for backwards compatibility with land/wahlkreis identifiers
ocd-division/country:de/land:nw/wahlkreis:hochsauerlandkreis,ocd-division/country:de/state:nw/cd:147,Added for backwards compatibility with land/wahlkreis identifiers
ocd-division/country:de/land:nw/wahlkreis:höxter_~_lippe_ii,ocd-division/country:de/state:nw/cd:136,Added for backwards compatibility with land/wahlkreis identifiers
ocd-division/country:de/land:nw/wahlkreis:kleve,ocd-division/country:de/state:nw/cd:112,Added for backwards compatibility with land/wahlkreis identifiers
ocd-division/country:de/land:nw/wahlkreis:köln_iii,ocd-division/country:de/state:nw/cd:95,Added for backwards compatibility with land/wahlkreis identifiers
ocd-division/country:de/land:nw/wahlkreis:köln_ii,ocd-division/country:de/state:nw/cd:94,Added for backwards compatibility with land/wahlkreis identifiers
ocd-division/country:de/land:nw/wahlkreis:köln_i,ocd-division/country:de/state:nw/cd:93,Added for backwards compatibility with land/wahlkreis identifiers
ocd-division/country:de/land:nw/wahlkreis:krefeld_ii_~_wesel_ii,ocd-division/country:de/state:nw/cd:114,Added for backwards compatibility with land/wahlkreis identifiers
ocd-division/country:de/land:nw/wahlkreis:krefeld_i_~_neuss_ii,ocd-division/country:de/state:nw/cd:110,Added for backwards compatibility with land/wahlkreis identifiers
ocd-division/country:de/land:nw/wahlkreis:leverkusen_~_köln_iv,ocd-division/country:de/state:nw/cd:101,Added for backwards compatibility with land/wahlkreis identifiers
ocd-division/country:de/land:nw/wahlkreis:lippe_i,ocd-division/country:de/state:nw/cd:135,Added for backwards compatibility with land/wahlkreis identifiers
ocd-division/country:de/land:nw/wahlkreis:märkischer_kreis_ii,ocd-division/country:de/state:nw/cd:150,Added for backwards compatibility with land/wahlkreis identifiers
ocd-division/country:de/land:nw/wahlkreis:mettmann_ii,ocd-division/country:de/state:nw/cd:105,Added for backwards compatibility with land/wahlkreis identifiers
ocd-division/country:de/land:nw/wahlkreis:mettmann_i,ocd-division/country:de/state:nw/cd:104,Added for backwards compatibility with land/wahlkreis identifiers
ocd-division/country:de/land:nw/wahlkreis:minden-lübbecke_i,ocd-division/country:de/state:nw/cd:134,Added for backwards compatibility with land/wahlkreis identifiers
ocd-division/country:de/land:nw/wahlkreis:mönchengladbach,ocd-division/country:de/state:nw/cd:109,Added for backwards compatibility with land/wahlkreis identifiers
ocd-division/country:de/land:nw/wahlkreis:mülheim_~_essen_i,ocd-division/country:de/state:nw/cd:118,Added for backwards compatibility with land/wahlkreis identifiers
ocd-division/country:de/land:nw/wahlkreis:münster,ocd-division/country:de/state:nw/cd:129,Added for backwards compatibility with land/wahlkreis identifiers
ocd-division/country:de/land:nw/wahlkreis:neuss_i,ocd-division/country:de/state:nw/cd:108,Added for backwards compatibility with land/wahlkreis identifiers
ocd-division/country:de/land:nw/wahlkreis:oberbergischer_kreis,ocd-division/country:de/state:nw/cd:99,Added for backwards compatibility with land/wahlkreis identifiers
ocd-division/country:de/land:nw/wahlkreis:oberhausen_~_wesel_iii,ocd-division/country:de/state:nw/cd:117,Added for backwards compatibility with land/wahlkreis identifiers
ocd-division/country:de/land:nw/wahlkreis:olpe_~_märkischer_kreis_i,ocd-division/country:de/state:nw/cd:149,Added for backwards compatibility with land/wahlkreis identifiers
ocd-division/country:de/land:nw/wahlkreis:paderborn_~_gütersloh_iii,ocd-division/country:de/state:nw/cd:137,Added for backwards compatibility with land/wahlkreis identifiers
ocd-division/country:de/land:nw/wahlkreis:recklinghausen_ii,ocd-division/country:de/state:nw/cd:122,Added for backwards compatibility with land/wahlkreis identifiers
ocd-division/country:de/land:nw/wahlkreis:recklinghausen_i,ocd-division/country:de/state:nw/cd:121,Added for backwards compatibility with land/wahlkreis identifiers
ocd-division/country:de/land:nw/wahlkreis:rhein-erft-kreis_i,ocd-division/country:de/state:nw/cd:91,Added for backwards compatibility with land/wahlkreis identifiers
ocd-division/country:de/land:nw/wahlkreis:rheinisch-bergischer_kreis,ocd-division/country:de/state:nw/cd:100,Added for backwards compatibility with land/wahlkreis identifiers
ocd-division/country:de/land:nw/wahlkreis:rhein-sieg-kreis_ii,ocd-division/country:de/state:nw/cd:98,Added for backwards compatibility with land/wahlkreis identifiers
ocd-division/country:de/land:nw/wahlkreis:rhein-sieg-kreis_i,ocd-division/country:de/state:nw/cd:97,Added for backwards compatibility with land/wahlkreis identifiers
ocd-division/country:de/land:nw/wahlkreis:siegen-wittgenstein,ocd-division/country:de/state:nw/cd:148,Added for backwards compatibility with land/wahlkreis identifiers
ocd-division/country:de/land:nw/wahlkreis:soest,ocd-division/country:de/state:nw/cd:146,Added for backwards compatibility with land/wahlkreis identifiers
ocd-division/country:de/land:nw/wahlkreis:solingen_~_remscheid_~_wuppertal_ii,ocd-division/country:de/state:nw/cd:103,Added for backwards compatibility with land/wahlkreis identifiers
ocd-division/country:de/land:nw/wahlkreis:steinfurt_i_~_borken_i,ocd-division/country:de/state:nw/cd:124,Added for backwards compatibility with land/wahlkreis identifiers
ocd-division/country:de/land:nw/wahlkreis:steinfurt_iii,ocd-division/country:de/state:nw/cd:128,Added for backwards compatibility with land/wahlkreis identifiers
ocd-division/country:de/land:nw/wahlkreis:unna_i,ocd-division/country:de/state:nw/cd:144,Added for backwards compatibility with land/wahlkreis identifiers
ocd-division/country:de/land:nw/wahlkreis:viersen,ocd-division/country:de/state:nw/cd:111,Added for backwards compatibility with land/wahlkreis identifiers
ocd-division/country:de/land:nw/wahlkreis:warendorf,ocd-division/country:de/state:nw/cd:130,Added for backwards compatibility with land/wahlkreis identifiers
ocd-division/country:de/land:nw/wahlkreis:wesel_i,ocd-division/country:de/state:nw/cd:113,Added for backwards compatibility with land/wahlkreis identifiers
ocd-division/country:de/land:nw/wahlkreis:wuppertal_i,ocd-division/country:de/state:nw/cd:102,Added for backwards compatibility with land/wahlkreis identifiers
ocd-division/country:de/land:rp/wahlkreis:ahrweiler,ocd-division/country:de/state:rp/cd:198,Added for backwards compatibility with land/wahlkreis identifiers
ocd-division/country:de/land:rp/wahlkreis:bitburg,ocd-division/country:de/state:rp/cd:202,Added for backwards compatibility with land/wahlkreis identifiers
ocd-division/country:de/land:rp/wahlkreis:kaiserslautern,ocd-division/country:de/state:rp/cd:209,Added for backwards compatibility with land/wahlkreis identifiers
ocd-division/country:de/land:rp/wahlkreis:koblenz,ocd-division/country:de/state:rp/cd:199,Added for backwards compatibility with land/wahlkreis identifiers
ocd-division/country:de/land:rp/wahlkreis:kreuznach,ocd-division/country:de/state:rp/cd:201,Added for backwards compatibility with land/wahlkreis identifiers
ocd-division/country:de/land:rp/wahlkreis:ludwigshafen~frankenthal,ocd-division/country:de/state:rp/cd:207,Added for backwards compatibility with land/wahlkreis identifiers
ocd-division/country:de/land:rp/wahlkreis:mainz,ocd-division/country:de/state:rp/cd:205,Added for backwards compatibility with land/wahlkreis identifiers
ocd-division/country:de/land:rp/wahlkreis:montabaur,ocd-division/country:de/state:rp/cd:204,Added for backwards compatibility with land/wahlkreis identifiers
ocd-division/country:de/land:rp/wahlkreis:mosel~rhein-hunsrück,ocd-division/country:de/state:rp/cd:200,Added for backwards compatibility with land/wahlkreis identifiers
ocd-division/country:de/land:rp/wahlkreis:neustadt_~_speyer,ocd-division/country:de/state:rp/cd:208,Added for backwards compatibility with land/wahlkreis identifiers
ocd-division/country:de/land:rp/wahlkreis:neuwied,ocd-division/country:de/state:rp/cd:197,Added for backwards compatibility with land/wahlkreis identifiers
ocd-division/country:de/land:rp/wahlkreis:pirmasens,ocd-division/country:de/state:rp/cd:210,Added for backwards compatibility with land/wahlkreis identifiers
ocd-division/country:de/land:rp/wahlkreis:südpfalz,ocd-division/country:de/state:rp/cd:211,Added for backwards compatibility with land/wahlkreis identifiers
ocd-division/country:de/land:rp/wahlkreis:trier,ocd-division/country:de/state:rp/cd:203,Added for backwards compatibility with land/wahlkreis identifiers
ocd-division/country:de/land:rp/wahlkreis:worms,ocd-division/country:de/state:rp/cd:206,Added for backwards compatibility with land/wahlkreis identifiers
ocd-division/country:de/land:sh/wahlkreis:flensburg_~_schleswig,ocd-division/country:de/state:sh/cd:1,Added for backwards compatibility with land/wahlkreis identifiers
ocd-division/country:de/land:sh/wahlkreis:herzogtum_lauenburg_~_stormarn-süd,ocd-division/country:de/state:sh/cd:10,Added for backwards compatibility with land/wahlkreis identifiers
ocd-division/country:de/land:sh/wahlkreis:kiel,ocd-division/country:de/state:sh/cd:5,Added for backwards compatibility with land/wahlkreis identifiers
ocd-division/country:de/land:sh/wahlkreis:lübeck,ocd-division/country:de/state:sh/cd:11,Added for backwards compatibility with land/wahlkreis identifiers
ocd-division/country:de/land:sh/wahlkreis:nordfriesland_~_dithmarschen_nord,ocd-division/country:de/state:sh/cd:2,Added for backwards compatibility with land/wahlkreis identifiers
ocd-division/country:de/land:sh/wahlkreis:ostholstein_~_stormarn-nord,ocd-division/country:de/state:sh/cd:9,Added for backwards compatibility with land/wahlkreis identifiers
ocd-division/country:de/land:sh/wahlkreis:pinneberg,ocd-division/country:de/state:sh/cd:7,Added for backwards compatibility with land/wahlkreis identifiers
ocd-division/country:de/land:sh/wahlkreis:plön_~_neumünster,ocd-division/country:de/state:sh/cd:6,Added for backwards compatibility with land/wahlkreis identifiers
ocd-division/country:de/land:sh/wahlkreis:rendsburg-eckernförde,ocd-division/country:de/state:sh/cd:4,Added for backwards compatibility with land/wahlkreis identifiers
ocd-division/country:de/land:sh/wahlkreis:segeberg_~_stormarn-mitte,ocd-division/country:de/state:sh/cd:8,Added for backwards compatibility with land/wahlkreis identifiers
ocd-division/country:de/land:sh/wahlkreis:steinburg_~_dithmarschen_süd,ocd-division/country:de/state:sh/cd:3,Added for backwards compatibility with land/wahlkreis identifiers
ocd-division/country:de/land:sl/wahlkreis:homburg,ocd-division/country:de/state:sl/cd:299,Added for backwards compatibility with land/wahlkreis identifiers
ocd-division/country:de/land:sl/wahlkreis:saarbrücken,ocd-division/country:de/state:sl/cd:296,Added for backwards compatibility with land/wahlkreis identifiers
ocd-division/country:de/land:sl/wahlkreis:saarlouis,ocd-division/country:de/state:sl/cd:297,Added for backwards compatibility with land/wahlkreis identifiers
ocd-division/country:de/land:sl/wahlkreis:st._wendel,ocd-division/country:de/state:sl/cd:298,Added for backwards compatibility with land/wahlkreis identifiers
ocd-division/country:de/land:sn/wahlkreis:bautzen_i,ocd-division/country:de/state:sn/cd:156,Added for backwards compatibility with land/wahlkreis identifiers
ocd-division/country:de/land:sn/wahlkreis:chemnitzer_umland_~_erzgebirgskreis_ii,ocd-division/country:de/state:sn/cd:163,Added for backwards compatibility with land/wahlkreis identifiers
ocd-division/country:de/land:sn/wahlkreis:chemnitz,ocd-division/country:de/state:sn/cd:162,Added for backwards compatibility with land/wahlkreis identifiers
ocd-division/country:de/land:sn/wahlkreis:dresden_ii_~_bautzen_ii,ocd-division/country:de/state:sn/cd:160,Added for backwards compatibility with land/wahlkreis identifiers
ocd-division/country:de/land:sn/wahlkreis:dresden_i,ocd-division/country:de/state:sn/cd:159,Added for backwards compatibility with land/wahlkreis identifiers
ocd-division/country:de/land:sn/wahlkreis:erzgebirgskreis_i,ocd-division/country:de/state:sn/cd:164,Added for backwards compatibility with land/wahlkreis identifiers
ocd-division/country:de/land:sn/wahlkreis:görlitz,ocd-division/country:de/state:sn/cd:157,Added for backwards compatibility with land/wahlkreis identifiers
ocd-division/country:de/land:sn/wahlkreis:leipzig_ii,ocd-division/country:de/state:sn/cd:153,Added for backwards compatibility with land/wahlkreis identifiers
ocd-division/country:de/land:sn/wahlkreis:leipzig_i,ocd-division/country:de/state:sn/cd:152,Added for backwards compatibility with land/wahlkreis identifiers
ocd-division/country:de/land:sn/wahlkreis:leipzig-land,ocd-division/country:de/state:sn/cd:154,Added for backwards compatibility with land/wahlkreis identifiers
ocd-division/country:de/land:sn/wahlkreis:meißen,ocd-division/country:de/state:sn/cd:155,Added for backwards compatibility with land/wahlkreis identifiers
ocd-division/country:de/land:sn/wahlkreis:mittelsachsen,ocd-division/country:de/state:sn/cd:161,Added for backwards compatibility with land/wahlkreis identifiers
ocd-division/country:de/land:sn/wahlkreis:nordsachsen,ocd-division/country:de/state:sn/cd:151,Added for backwards compatibility with land/wahlkreis identifiers
ocd-division/country:de/land:sn/wahlkreis:sächsische_schweiz-osterzgebirge,ocd-division/country:de/state:sn/cd:158,Added for backwards compatibility with land/wahlkreis identifiers
ocd-division/country:de/land:sn/wahlkreis:vogtlandkreis,ocd-division/country:de/state:sn/cd:166,Added for backwards compatibility with land/wahlkreis identifiers
ocd-division/country:de/land:sn/wahlkreis:zwickau,ocd-division/country:de/state:sn/cd:165,Added for backwards compatibility with land/wahlkreis identifiers
ocd-division/country:de/land:st/wahlkreis:altmark,ocd-division/country:de/state:st/cd:66,Added for backwards compatibility with land/wahlkreis identifiers
ocd-division/country:de/land:st/wahlkreis:anhalt,ocd-division/country:de/state:st/cd:71,Added for backwards compatibility with land/wahlkreis identifiers
ocd-division/country:de/land:st/wahlkreis:börde_~_jerichower_land,ocd-division/country:de/state:st/cd:67,Added for backwards compatibility with land/wahlkreis identifiers
ocd-division/country:de/land:st/wahlkreis:burgenland_~_saalekreis,ocd-division/country:de/state:st/cd:73,Added for backwards compatibility with land/wahlkreis identifiers
ocd-division/country:de/land:st/wahlkreis:dessau_~_wittenberg,ocd-division/country:de/state:st/cd:70,Added for backwards compatibility with land/wahlkreis identifiers
ocd-division/country:de/land:st/wahlkreis:halle,ocd-division/country:de/state:st/cd:72,Added for backwards compatibility with land/wahlkreis identifiers
ocd-division/country:de/land:st/wahlkreis:harz,ocd-division/country:de/state:st/cd:68,Added for backwards compatibility with land/wahlkreis identifiers
ocd-division/country:de/land:st/wahlkreis:magdeburg,ocd-division/country:de/state:st/cd:69,Added for backwards compatibility with land/wahlkreis identifiers
ocd-division/country:de/land:st/wahlkreis:mansfeld,ocd-division/country:de/state:st/cd:74,Added for backwards compatibility with land/wahlkreis identifiers
ocd-division/country:de/land:th/wahlkreis:eichsfeld_~_nordhausen_~_kyffhäuserkreis,ocd-division/country:de/state:th/cd:189,Added for backwards compatibility with land/wahlkreis identifiers
ocd-division/country:de/land:th/wahlkreis:eisenach_~_wartburgkreis_~_unstrut-hainich-kreis,ocd-division/country:de/state:th/cd:190,Added for backwards compatibility with land/wahlkreis identifiers
ocd-division/country:de/land:th/wahlkreis:erfurt_~_weimar_~_weimarer_land_ii,ocd-division/country:de/state:th/cd:193,Added for backwards compatibility with land/wahlkreis identifiers
ocd-division/country:de/land:th/wahlkreis:gera_~_greiz_~_altenburger_land,ocd-division/country:de/state:th/cd:194,Added for backwards compatibility with land/wahlkreis identifiers
ocd-division/country:de/land:th/wahlkreis:gotha_~_ilm-kreis,ocd-division/country:de/state:th/cd:192,Added for backwards compatibility with land/wahlkreis identifiers
ocd-division/country:de/land:th/wahlkreis:jena_~_sömmerda_~_weimarer_land_i,ocd-division/country:de/state:th/cd:191,Added for backwards compatibility with land/wahlkreis identifiers
ocd-division/country:de/land:th/wahlkreis:saalfeld-rudolstadt_~_saale-holzland-kreis_~_saale-orla-kreis,ocd-division/country:de/state:th/cd:195,Added for backwards compatibility with land/wahlkreis identifiers
ocd-division/country:de/land:th/wahlkreis:suhl_~_schmalkalden-meiningen_~_hildburghausen_~_sonneberg,ocd-division/country:de/state:th/cd:196,Added for backwards compatibility with land/wahlkreis identifiers
