ocd-division/country:us/state:ca/county:alameda/council_district:1,Alameda County CA Board of Supervisors District 1
ocd-division/country:us/state:ca/county:alameda/council_district:2,Alameda County CA Board of Supervisors District 2
ocd-division/country:us/state:ca/county:alameda/council_district:3,Alameda County CA Board of Supervisors District 3
ocd-division/country:us/state:ca/county:alameda/council_district:4,Alameda County CA Board of Supervisors District 4
ocd-division/country:us/state:ca/county:alameda/council_district:5,Alameda County CA Board of Supervisors District 5
ocd-division/country:us/state:ca/county:alpine/council_district:1,Alpine County Supervisor District 1
ocd-division/country:us/state:ca/county:alpine/council_district:2,Alpine County Supervisor District 2
ocd-division/country:us/state:ca/county:alpine/council_district:3,Alpine County Supervisor District 3
ocd-division/country:us/state:ca/county:alpine/council_district:4,Alpine County Supervisor District 4
ocd-division/country:us/state:ca/county:alpine/council_district:5,Alpine County Supervisor District 5
ocd-division/country:us/state:ca/county:amador/council_district:1,Amador County Supervisor District 1
ocd-division/country:us/state:ca/county:amador/council_district:2,Amador County Supervisor District 2
ocd-division/country:us/state:ca/county:amador/council_district:3,Amador County Supervisor District 3
ocd-division/country:us/state:ca/county:amador/council_district:4,Amador County Supervisor District 4
ocd-division/country:us/state:ca/county:amador/council_district:5,Amador County Supervisor District 5
ocd-division/country:us/state:ca/county:butte/council_district:1,Butte County Supervisor District 1
ocd-division/country:us/state:ca/county:butte/council_district:2,Butte County Supervisor District 2
ocd-division/country:us/state:ca/county:butte/council_district:3,Butte County Supervisor District 3
ocd-division/country:us/state:ca/county:butte/council_district:4,Butte County Supervisor District 4
ocd-division/country:us/state:ca/county:butte/council_district:5,Butte County Supervisor District 5
ocd-division/country:us/state:ca/county:calaveras/council_district:1,Calaveras County Supervisor District 1
ocd-division/country:us/state:ca/county:calaveras/council_district:2,Calaveras County Supervisor District 2
ocd-division/country:us/state:ca/county:calaveras/council_district:3,Calaveras County Supervisor District 3
ocd-division/country:us/state:ca/county:calaveras/council_district:4,Calaveras County Supervisor District 4
ocd-division/country:us/state:ca/county:calaveras/council_district:5,Calaveras County Supervisor District 5
ocd-division/country:us/state:ca/county:colusa/council_district:1,Colusa County Supervisor District 1
ocd-division/country:us/state:ca/county:colusa/council_district:2,Colusa County Supervisor District 2
ocd-division/country:us/state:ca/county:colusa/council_district:3,Colusa County Supervisor District 3
ocd-division/country:us/state:ca/county:colusa/council_district:4,Colusa County Supervisor District 4
ocd-division/country:us/state:ca/county:colusa/council_district:5,Colusa County Supervisor District 5
ocd-division/country:us/state:ca/county:contra_costa/council_district:1,Contra Costa County CA Board of Supervisors District 1
ocd-division/country:us/state:ca/county:contra_costa/council_district:2,Contra Costa County CA Board of Supervisors District 2
ocd-division/country:us/state:ca/county:contra_costa/council_district:3,Contra Costa County CA Board of Supervisors District 3
ocd-division/country:us/state:ca/county:contra_costa/council_district:4,Contra Costa County CA Board of Supervisors District 4
ocd-division/country:us/state:ca/county:contra_costa/council_district:5,Contra Costa County CA Board of Supervisors District 5
ocd-division/country:us/state:ca/county:del_norte/council_district:1,Del Norte County Supervisor District 1
ocd-division/country:us/state:ca/county:del_norte/council_district:2,Del Norte County Supervisor District 2
ocd-division/country:us/state:ca/county:del_norte/council_district:3,Del Norte County Supervisor District 3
ocd-division/country:us/state:ca/county:del_norte/council_district:4,Del Norte County Supervisor District 4
ocd-division/country:us/state:ca/county:del_norte/council_district:5,Del Norte County Supervisor District 5
ocd-division/country:us/state:ca/county:el_dorado/council_district:1,El Dorado County Supervisor District 1
ocd-division/country:us/state:ca/county:el_dorado/council_district:2,El Dorado County Supervisor District 2
ocd-division/country:us/state:ca/county:el_dorado/council_district:3,El Dorado County Supervisor District 3
ocd-division/country:us/state:ca/county:el_dorado/council_district:4,El Dorado County Supervisor District 4
ocd-division/country:us/state:ca/county:el_dorado/council_district:5,El Dorado County Supervisor District 5
ocd-division/country:us/state:ca/county:fresno/council_district:1,Fresno County CA Board of Supervisors District 1
ocd-division/country:us/state:ca/county:fresno/council_district:2,Fresno County CA Board of Supervisors District 2
ocd-division/country:us/state:ca/county:fresno/council_district:3,Fresno County CA Board of Supervisors District 3
ocd-division/country:us/state:ca/county:fresno/council_district:4,Fresno County CA Board of Supervisors District 4
ocd-division/country:us/state:ca/county:fresno/council_district:5,Fresno County CA Board of Supervisors District 5
ocd-division/country:us/state:ca/county:glenn/council_district:1,Glenn County Supervisor District 1
ocd-division/country:us/state:ca/county:glenn/council_district:2,Glenn County Supervisor District 2
ocd-division/country:us/state:ca/county:glenn/council_district:3,Glenn County Supervisor District 3
ocd-division/country:us/state:ca/county:glenn/council_district:4,Glenn County Supervisor District 4
ocd-division/country:us/state:ca/county:glenn/council_district:5,Glenn County Supervisor District 5
ocd-division/country:us/state:ca/county:humboldt/council_district:1,Humboldt County Supervisor District 1
ocd-division/country:us/state:ca/county:humboldt/council_district:2,Humboldt County Supervisor District 2
ocd-division/country:us/state:ca/county:humboldt/council_district:3,Humboldt County Supervisor District 3
ocd-division/country:us/state:ca/county:humboldt/council_district:4,Humboldt County Supervisor District 4
ocd-division/country:us/state:ca/county:humboldt/council_district:5,Humboldt County Supervisor District 5
ocd-division/country:us/state:ca/county:imperial/council_district:1,Imperial County Supervisor District 1
ocd-division/country:us/state:ca/county:imperial/council_district:2,Imperial County Supervisor District 2
ocd-division/country:us/state:ca/county:imperial/council_district:3,Imperial County Supervisor District 3
ocd-division/country:us/state:ca/county:imperial/council_district:4,Imperial County Supervisor District 4
ocd-division/country:us/state:ca/county:imperial/council_district:5,Imperial County Supervisor District 5
ocd-division/country:us/state:ca/county:inyo/council_district:1,Inyo County Supervisor District 1
ocd-division/country:us/state:ca/county:inyo/council_district:2,Inyo County Supervisor District 2
ocd-division/country:us/state:ca/county:inyo/council_district:3,Inyo County Supervisor District 3
ocd-division/country:us/state:ca/county:inyo/council_district:4,Inyo County Supervisor District 4
ocd-division/country:us/state:ca/county:inyo/council_district:5,Inyo County Supervisor District 5
ocd-division/country:us/state:ca/county:kern/council_district:1,Kern County CA Board of Supervisors District 1
ocd-division/country:us/state:ca/county:kern/council_district:2,Kern County CA Board of Supervisors District 2
ocd-division/country:us/state:ca/county:kern/council_district:3,Kern County CA Board of Supervisors District 3
ocd-division/country:us/state:ca/county:kern/council_district:4,Kern County CA Board of Supervisors District 4
ocd-division/country:us/state:ca/county:kern/council_district:5,Kern County CA Board of Supervisors District 5
ocd-division/country:us/state:ca/county:kings/council_district:1,Kings County Supervisor District 1
ocd-division/country:us/state:ca/county:kings/council_district:2,Kings County Supervisor District 2
ocd-division/country:us/state:ca/county:kings/council_district:3,Kings County Supervisor District 3
ocd-division/country:us/state:ca/county:kings/council_district:4,Kings County Supervisor District 4
ocd-division/country:us/state:ca/county:kings/council_district:5,Kings County Supervisor District 5
ocd-division/country:us/state:ca/county:lake/council_district:1,Lake County Supervisor District 1
ocd-division/country:us/state:ca/county:lake/council_district:2,Lake County Supervisor District 2
ocd-division/country:us/state:ca/county:lake/council_district:3,Lake County Supervisor District 3
ocd-division/country:us/state:ca/county:lake/council_district:4,Lake County Supervisor District 4
ocd-division/country:us/state:ca/county:lake/council_district:5,Lake County Supervisor District 5
ocd-division/country:us/state:ca/county:lassen/council_district:1,Lassen County Supervisor District 1
ocd-division/country:us/state:ca/county:lassen/council_district:2,Lassen County Supervisor District 2
ocd-division/country:us/state:ca/county:lassen/council_district:3,Lassen County Supervisor District 3
ocd-division/country:us/state:ca/county:lassen/council_district:4,Lassen County Supervisor District 4
ocd-division/country:us/state:ca/county:lassen/council_district:5,Lassen County Supervisor District 5
ocd-division/country:us/state:ca/county:los_angeles/council_district:1,Los Angeles CA county supervisor district 1
ocd-division/country:us/state:ca/county:los_angeles/council_district:2,Los Angeles CA county supervisor district 2
ocd-division/country:us/state:ca/county:los_angeles/council_district:3,Los Angeles CA county supervisor district 3
ocd-division/country:us/state:ca/county:los_angeles/council_district:4,Los Angeles CA county supervisor district 4
ocd-division/country:us/state:ca/county:los_angeles/council_district:5,Los Angeles CA county supervisor district 5
ocd-division/country:us/state:ca/county:los_angeles/school_board_district:1,Los Angeles CA Unified School Board district 1
ocd-division/country:us/state:ca/county:los_angeles/school_board_district:2,Los Angeles CA Unified School Board district 2
ocd-division/country:us/state:ca/county:los_angeles/school_board_district:3,Los Angeles CA Unified School Board district 3
ocd-division/country:us/state:ca/county:los_angeles/school_board_district:4,Los Angeles CA Unified School Board district 4
ocd-division/country:us/state:ca/county:los_angeles/school_board_district:5,Los Angeles CA Unified School Board district 5
ocd-division/country:us/state:ca/county:los_angeles/school_board_district:6,Los Angeles CA Unified School Board district 6
ocd-division/country:us/state:ca/county:los_angeles/school_board_district:7,Los Angeles CA Unified School Board district 7
ocd-division/country:us/state:ca/county:los_angeles/la_metro_sector:san_gabriel_valley,Los Angeles CA county supervisor San Gabriel Valley
ocd-division/country:us/state:ca/county:los_angeles/la_metro_sector:southeast_long_beach,Los Angeles CA county supervisor Southeast Long Beach
ocd-division/country:us/state:ca/county:los_angeles/la_metro_sector:southwest_corridor,Los Angeles CA county supervisor Southwest Corridor
ocd-division/country:us/state:ca/county:los_angeles/la_metro_sector:north_county_san_fernando_valley,Los Angeles CA county supervisor North County/San Fernando Valley
ocd-division/country:us/state:ca/county:madera/council_district:1,Madera County Supervisor District 1
ocd-division/country:us/state:ca/county:madera/council_district:2,Madera County Supervisor District 2
ocd-division/country:us/state:ca/county:madera/council_district:3,Madera County Supervisor District 3
ocd-division/country:us/state:ca/county:madera/council_district:4,Madera County Supervisor District 4
ocd-division/country:us/state:ca/county:madera/council_district:5,Madera County Supervisor District 5
ocd-division/country:us/state:ca/county:marin/council_district:1,Marin County CA Board of Supervisors District 1
ocd-division/country:us/state:ca/county:marin/council_district:2,Marin County CA Board of Supervisors District 2
ocd-division/country:us/state:ca/county:marin/council_district:3,Marin County CA Board of Supervisors District 3
ocd-division/country:us/state:ca/county:marin/council_district:4,Marin County CA Board of Supervisors District 4
ocd-division/country:us/state:ca/county:marin/council_district:5,Marin County CA Board of Supervisors District 5
ocd-division/country:us/state:ca/county:mariposa/council_district:1,Mariposa County Supervisor District 1
ocd-division/country:us/state:ca/county:mariposa/council_district:2,Mariposa County Supervisor District 2
ocd-division/country:us/state:ca/county:mariposa/council_district:3,Mariposa County Supervisor District 3
ocd-division/country:us/state:ca/county:mariposa/council_district:4,Mariposa County Supervisor District 4
ocd-division/country:us/state:ca/county:mariposa/council_district:5,Mariposa County Supervisor District 5
ocd-division/country:us/state:ca/county:mendocino/council_district:1,Mendocino County Supervisor District 1
ocd-division/country:us/state:ca/county:mendocino/council_district:2,Mendocino County Supervisor District 2
ocd-division/country:us/state:ca/county:mendocino/council_district:3,Mendocino County Supervisor District 3
ocd-division/country:us/state:ca/county:mendocino/council_district:4,Mendocino County Supervisor District 4
ocd-division/country:us/state:ca/county:mendocino/council_district:5,Mendocino County Supervisor District 5
ocd-division/country:us/state:ca/county:merced/council_district:1,Merced County Supervisor District 1
ocd-division/country:us/state:ca/county:merced/council_district:2,Merced County Supervisor District 2
ocd-division/country:us/state:ca/county:merced/council_district:3,Merced County Supervisor District 3
ocd-division/country:us/state:ca/county:merced/council_district:4,Merced County Supervisor District 4
ocd-division/country:us/state:ca/county:merced/council_district:5,Merced County Supervisor District 5
ocd-division/country:us/state:ca/county:modoc/council_district:1,Modoc County Supervisor District 1
ocd-division/country:us/state:ca/county:modoc/council_district:2,Modoc County Supervisor District 2
ocd-division/country:us/state:ca/county:modoc/council_district:3,Modoc County Supervisor District 3
ocd-division/country:us/state:ca/county:modoc/council_district:4,Modoc County Supervisor District 4
ocd-division/country:us/state:ca/county:modoc/council_district:5,Modoc County Supervisor District 5
ocd-division/country:us/state:ca/county:mono/council_district:1,Mono County Supervisor District 1
ocd-division/country:us/state:ca/county:mono/council_district:2,Mono County Supervisor District 2
ocd-division/country:us/state:ca/county:mono/council_district:3,Mono County Supervisor District 3
ocd-division/country:us/state:ca/county:mono/council_district:4,Mono County Supervisor District 4
ocd-division/country:us/state:ca/county:mono/council_district:5,Mono County Supervisor District 5
ocd-division/country:us/state:ca/county:monterey/council_district:1,Monterey County CA Board of Supervisors District 1
ocd-division/country:us/state:ca/county:monterey/council_district:2,Monterey County CA Board of Supervisors District 2
ocd-division/country:us/state:ca/county:monterey/council_district:3,Monterey County CA Board of Supervisors District 3
ocd-division/country:us/state:ca/county:monterey/council_district:4,Monterey County CA Board of Supervisors District 4
ocd-division/country:us/state:ca/county:monterey/council_district:5,Monterey County CA Board of Supervisors District 5
ocd-division/country:us/state:ca/county:napa/council_district:1,Napa County Supervisor District 1
ocd-division/country:us/state:ca/county:napa/council_district:2,Napa County Supervisor District 2
ocd-division/country:us/state:ca/county:napa/council_district:3,Napa County Supervisor District 3
ocd-division/country:us/state:ca/county:napa/council_district:4,Napa County Supervisor District 4
ocd-division/country:us/state:ca/county:napa/council_district:5,Napa County Supervisor District 5
ocd-division/country:us/state:ca/county:nevada/council_district:1,Nevada County Supervisor District 1
ocd-division/country:us/state:ca/county:nevada/council_district:2,Nevada County Supervisor District 2
ocd-division/country:us/state:ca/county:nevada/council_district:3,Nevada County Supervisor District 3
ocd-division/country:us/state:ca/county:nevada/council_district:4,Nevada County Supervisor District 4
ocd-division/country:us/state:ca/county:nevada/council_district:5,Nevada County Supervisor District 5
ocd-division/country:us/state:ca/county:orange/council_district:1,Orange County CA Board of Supervisors District 1
ocd-division/country:us/state:ca/county:orange/council_district:2,Orange County CA Board of Supervisors District 2
ocd-division/country:us/state:ca/county:orange/council_district:3,Orange County CA Board of Supervisors District 3
ocd-division/country:us/state:ca/county:orange/council_district:4,Orange County CA Board of Supervisors District 4
ocd-division/country:us/state:ca/county:orange/council_district:5,Orange County CA Board of Supervisors District 5
ocd-division/country:us/state:ca/county:placer/council_district:1,Placer County Supervisor District 1
ocd-division/country:us/state:ca/county:placer/council_district:2,Placer County Supervisor District 2
ocd-division/country:us/state:ca/county:placer/council_district:3,Placer County Supervisor District 3
ocd-division/country:us/state:ca/county:placer/council_district:4,Placer County Supervisor District 4
ocd-division/country:us/state:ca/county:placer/council_district:5,Placer County Supervisor District 5
ocd-division/country:us/state:ca/county:plumas/council_district:1,Plumas County Supervisor District 1
ocd-division/country:us/state:ca/county:plumas/council_district:2,Plumas County Supervisor District 2
ocd-division/country:us/state:ca/county:plumas/council_district:3,Plumas County Supervisor District 3
ocd-division/country:us/state:ca/county:plumas/council_district:4,Plumas County Supervisor District 4
ocd-division/country:us/state:ca/county:plumas/council_district:5,Plumas County Supervisor District 5
ocd-division/country:us/state:ca/county:riverside/council_district:1,Riverside County CA Board of Supervisors District 1
ocd-division/country:us/state:ca/county:riverside/council_district:2,Riverside County CA Board of Supervisors District 2
ocd-division/country:us/state:ca/county:riverside/council_district:3,Riverside County CA Board of Supervisors District 3
ocd-division/country:us/state:ca/county:riverside/council_district:4,Riverside County CA Board of Supervisors District 4
ocd-division/country:us/state:ca/county:riverside/council_district:5,Riverside County CA Board of Supervisors District 5
ocd-division/country:us/state:ca/county:sacramento/council_district:1,Sacramento County CA Board of Supervisors District 1
ocd-division/country:us/state:ca/county:sacramento/council_district:2,Sacramento County CA Board of Supervisors District 2
ocd-division/country:us/state:ca/county:sacramento/council_district:3,Sacramento County CA Board of Supervisors District 3
ocd-division/country:us/state:ca/county:sacramento/council_district:4,Sacramento County CA Board of Supervisors District 4
ocd-division/country:us/state:ca/county:sacramento/council_district:5,Sacramento County CA Board of Supervisors District 5
ocd-division/country:us/state:ca/county:san_benito/council_district:1,San Benito County Supervisor District 1
ocd-division/country:us/state:ca/county:san_benito/council_district:2,San Benito County Supervisor District 2
ocd-division/country:us/state:ca/county:san_benito/council_district:3,San Benito County Supervisor District 3
ocd-division/country:us/state:ca/county:san_benito/council_district:4,San Benito County Supervisor District 4
ocd-division/country:us/state:ca/county:san_benito/council_district:5,San Benito County Supervisor District 5
ocd-division/country:us/state:ca/county:san_bernardino/council_district:1,San Bernardino County CA Board of Supervisors District 1
ocd-division/country:us/state:ca/county:san_bernardino/council_district:2,San Bernardino County CA Board of Supervisors District 2
ocd-division/country:us/state:ca/county:san_bernardino/council_district:3,San Bernardino County CA Board of Supervisors District 3
ocd-division/country:us/state:ca/county:san_bernardino/council_district:4,San Bernardino County CA Board of Supervisors District 4
ocd-division/country:us/state:ca/county:san_bernardino/council_district:5,San Bernardino County CA Board of Supervisors District 5
ocd-division/country:us/state:ca/county:san_diego/council_district:1,San Diego County CA Board of Supervisors District 1
ocd-division/country:us/state:ca/county:san_diego/council_district:2,San Diego County CA Board of Supervisors District 2
ocd-division/country:us/state:ca/county:san_diego/council_district:3,San Diego County CA Board of Supervisors District 3
ocd-division/country:us/state:ca/county:san_diego/council_district:4,San Diego County CA Board of Supervisors District 4
ocd-division/country:us/state:ca/county:san_diego/council_district:5,San Diego County CA Board of Supervisors District 5
ocd-division/country:us/state:ca/county:san_francisco/council_district:1,San Francisco CA city-county council district 1
ocd-division/country:us/state:ca/county:san_francisco/council_district:2,San Francisco CA city-county council district 2
ocd-division/country:us/state:ca/county:san_francisco/council_district:3,San Francisco CA city-county council district 3
ocd-division/country:us/state:ca/county:san_francisco/council_district:4,San Francisco CA city-county council district 4
ocd-division/country:us/state:ca/county:san_francisco/council_district:5,San Francisco CA city-county council district 5
ocd-division/country:us/state:ca/county:san_francisco/council_district:6,San Francisco CA city-county council district 6
ocd-division/country:us/state:ca/county:san_francisco/council_district:7,San Francisco CA city-county council district 7
ocd-division/country:us/state:ca/county:san_francisco/council_district:8,San Francisco CA city-county council district 8
ocd-division/country:us/state:ca/county:san_francisco/council_district:9,San Francisco CA city-county council district 9
ocd-division/country:us/state:ca/county:san_francisco/council_district:10,San Francisco CA city-county council district 10
ocd-division/country:us/state:ca/county:san_francisco/council_district:11,San Francisco CA city-county council district 11
ocd-division/country:us/state:ca/county:san_joaquin/council_district:1,San Joaquin County CA Board of Supervisors District 1
ocd-division/country:us/state:ca/county:san_joaquin/council_district:2,San Joaquin County CA Board of Supervisors District 2
ocd-division/country:us/state:ca/county:san_joaquin/council_district:3,San Joaquin County CA Board of Supervisors District 3
ocd-division/country:us/state:ca/county:san_joaquin/council_district:4,San Joaquin County CA Board of Supervisors District 4
ocd-division/country:us/state:ca/county:san_joaquin/council_district:5,San Joaquin County CA Board of Supervisors District 5
ocd-division/country:us/state:ca/county:san_luis_obispo/council_district:1,San Luis Obispo County CA Board of Supervisors District 1
ocd-division/country:us/state:ca/county:san_luis_obispo/council_district:2,San Luis Obispo County CA Board of Supervisors District 2
ocd-division/country:us/state:ca/county:san_luis_obispo/council_district:3,San Luis Obispo County CA Board of Supervisors District 3
ocd-division/country:us/state:ca/county:san_luis_obispo/council_district:4,San Luis Obispo County CA Board of Supervisors District 4
ocd-division/country:us/state:ca/county:san_luis_obispo/council_district:5,San Luis Obispo County CA Board of Supervisors District 5
ocd-division/country:us/state:ca/county:san_mateo/council_district:1,San Mateo County CA Board of Supervisors District 1
ocd-division/country:us/state:ca/county:san_mateo/council_district:2,San Mateo County CA Board of Supervisors District 2
ocd-division/country:us/state:ca/county:san_mateo/council_district:3,San Mateo County CA Board of Supervisors District 3
ocd-division/country:us/state:ca/county:san_mateo/council_district:4,San Mateo County CA Board of Supervisors District 4
ocd-division/country:us/state:ca/county:san_mateo/council_district:5,San Mateo County CA Board of Supervisors District 5
ocd-division/country:us/state:ca/county:santa_barbara/council_district:1,Santa Barbara County CA Board of Supervisors District 1
ocd-division/country:us/state:ca/county:santa_barbara/council_district:2,Santa Barbara County CA Board of Supervisors District 2
ocd-division/country:us/state:ca/county:santa_barbara/council_district:3,Santa Barbara County CA Board of Supervisors District 3
ocd-division/country:us/state:ca/county:santa_barbara/council_district:4,Santa Barbara County CA Board of Supervisors District 4
ocd-division/country:us/state:ca/county:santa_barbara/council_district:5,Santa Barbara County CA Board of Supervisors District 5
ocd-division/country:us/state:ca/county:santa_clara/council_district:1,Santa Clara County CA Board of Supervisors District 1
ocd-division/country:us/state:ca/county:santa_clara/council_district:2,Santa Clara County CA Board of Supervisors District 2
ocd-division/country:us/state:ca/county:santa_clara/council_district:3,Santa Clara County CA Board of Supervisors District 3
ocd-division/country:us/state:ca/county:santa_clara/council_district:4,Santa Clara County CA Board of Supervisors District 4
ocd-division/country:us/state:ca/county:santa_clara/council_district:5,Santa Clara County CA Board of Supervisors District 5
ocd-division/country:us/state:ca/county:santa_cruz/council_district:1,Santa Cruz County Supervisor District 1
ocd-division/country:us/state:ca/county:santa_cruz/council_district:2,Santa Cruz County Supervisor District 2
ocd-division/country:us/state:ca/county:santa_cruz/council_district:3,Santa Cruz County Supervisor District 3
ocd-division/country:us/state:ca/county:santa_cruz/council_district:4,Santa Cruz County Supervisor District 4
ocd-division/country:us/state:ca/county:santa_cruz/council_district:5,Santa Cruz County Supervisor District 5
ocd-division/country:us/state:ca/county:shasta/council_district:1,Shasta County Supervisor District 1
ocd-division/country:us/state:ca/county:shasta/council_district:2,Shasta County Supervisor District 2
ocd-division/country:us/state:ca/county:shasta/council_district:3,Shasta County Supervisor District 3
ocd-division/country:us/state:ca/county:shasta/council_district:4,Shasta County Supervisor District 4
ocd-division/country:us/state:ca/county:shasta/council_district:5,Shasta County Supervisor District 5
ocd-division/country:us/state:ca/county:sierra/council_district:1,Sierra County Supervisor District 1
ocd-division/country:us/state:ca/county:sierra/council_district:2,Sierra County Supervisor District 2
ocd-division/country:us/state:ca/county:sierra/council_district:3,Sierra County Supervisor District 3
ocd-division/country:us/state:ca/county:sierra/council_district:4,Sierra County Supervisor District 4
ocd-division/country:us/state:ca/county:sierra/council_district:5,Sierra County Supervisor District 5
ocd-division/country:us/state:ca/county:siskiyou/council_district:1,Siskiyou County Supervisor District 1
ocd-division/country:us/state:ca/county:siskiyou/council_district:2,Siskiyou County Supervisor District 2
ocd-division/country:us/state:ca/county:siskiyou/council_district:3,Siskiyou County Supervisor District 3
ocd-division/country:us/state:ca/county:siskiyou/council_district:4,Siskiyou County Supervisor District 4
ocd-division/country:us/state:ca/county:siskiyou/council_district:5,Siskiyou County Supervisor District 5
ocd-division/country:us/state:ca/county:solano/council_district:1,Solano County CA Board of Supervisors District 1
ocd-division/country:us/state:ca/county:solano/council_district:2,Solano County CA Board of Supervisors District 2
ocd-division/country:us/state:ca/county:solano/council_district:3,Solano County CA Board of Supervisors District 3
ocd-division/country:us/state:ca/county:solano/council_district:4,Solano County CA Board of Supervisors District 4
ocd-division/country:us/state:ca/county:solano/council_district:5,Solano County CA Board of Supervisors District 5
ocd-division/country:us/state:ca/county:sonoma/council_district:1,Sonoma County CA Board of Supervisors District 1
ocd-division/country:us/state:ca/county:sonoma/council_district:2,Sonoma County CA Board of Supervisors District 2
ocd-division/country:us/state:ca/county:sonoma/council_district:3,Sonoma County CA Board of Supervisors District 3
ocd-division/country:us/state:ca/county:sonoma/council_district:4,Sonoma County CA Board of Supervisors District 4
ocd-division/country:us/state:ca/county:sonoma/council_district:5,Sonoma County CA Board of Supervisors District 5
ocd-division/country:us/state:ca/county:stanislaus/council_district:1,Stanislaus County CA Board of Supervisors District 1
ocd-division/country:us/state:ca/county:stanislaus/council_district:2,Stanislaus County CA Board of Supervisors District 2
ocd-division/country:us/state:ca/county:stanislaus/council_district:3,Stanislaus County CA Board of Supervisors District 3
ocd-division/country:us/state:ca/county:stanislaus/council_district:4,Stanislaus County CA Board of Supervisors District 4
ocd-division/country:us/state:ca/county:stanislaus/council_district:5,Stanislaus County CA Board of Supervisors District 5
ocd-division/country:us/state:ca/county:sutter/council_district:1,Sutter County Supervisor District 1
ocd-division/country:us/state:ca/county:sutter/council_district:2,Sutter County Supervisor District 2
ocd-division/country:us/state:ca/county:sutter/council_district:3,Sutter County Supervisor District 3
ocd-division/country:us/state:ca/county:sutter/council_district:4,Sutter County Supervisor District 4
ocd-division/country:us/state:ca/county:sutter/council_district:5,Sutter County Supervisor District 5
ocd-division/country:us/state:ca/county:tehama/council_district:1,Tehama County Supervisor District 1
ocd-division/country:us/state:ca/county:tehama/council_district:2,Tehama County Supervisor District 2
ocd-division/country:us/state:ca/county:tehama/council_district:3,Tehama County Supervisor District 3
ocd-division/country:us/state:ca/county:tehama/council_district:4,Tehama County Supervisor District 4
ocd-division/country:us/state:ca/county:tehama/council_district:5,Tehama County Supervisor District 5
ocd-division/country:us/state:ca/county:trinity/council_district:1,Trinity County Supervisor District 1
ocd-division/country:us/state:ca/county:trinity/council_district:2,Trinity County Supervisor District 2
ocd-division/country:us/state:ca/county:trinity/council_district:3,Trinity County Supervisor District 3
ocd-division/country:us/state:ca/county:trinity/council_district:4,Trinity County Supervisor District 4
ocd-division/country:us/state:ca/county:trinity/council_district:5,Trinity County Supervisor District 5
ocd-division/country:us/state:ca/county:tulare/council_district:1,Tulare County Supervisor District 1
ocd-division/country:us/state:ca/county:tulare/council_district:2,Tulare County Supervisor District 2
ocd-division/country:us/state:ca/county:tulare/council_district:3,Tulare County Supervisor District 3
ocd-division/country:us/state:ca/county:tulare/council_district:4,Tulare County Supervisor District 4
ocd-division/country:us/state:ca/county:tulare/council_district:5,Tulare County Supervisor District 5
ocd-division/country:us/state:ca/county:tuolumne/council_district:1,Tuolumne County Supervisor District 1
ocd-division/country:us/state:ca/county:tuolumne/council_district:2,Tuolumne County Supervisor District 2
ocd-division/country:us/state:ca/county:tuolumne/council_district:3,Tuolumne County Supervisor District 3
ocd-division/country:us/state:ca/county:tuolumne/council_district:4,Tuolumne County Supervisor District 4
ocd-division/country:us/state:ca/county:tuolumne/council_district:5,Tuolumne County Supervisor District 5
ocd-division/country:us/state:ca/county:ventura/council_district:1,Ventura County CA Board of Supervisors District 1
ocd-division/country:us/state:ca/county:ventura/council_district:2,Ventura County CA Board of Supervisors District 2
ocd-division/country:us/state:ca/county:ventura/council_district:3,Ventura County CA Board of Supervisors District 3
ocd-division/country:us/state:ca/county:ventura/council_district:4,Ventura County CA Board of Supervisors District 4
ocd-division/country:us/state:ca/county:ventura/council_district:5,Ventura County CA Board of Supervisors District 5
ocd-division/country:us/state:ca/county:yolo/council_district:1,Yolo County Supervisor District 1
ocd-division/country:us/state:ca/county:yolo/council_district:2,Yolo County Supervisor District 2
ocd-division/country:us/state:ca/county:yolo/council_district:3,Yolo County Supervisor District 3
ocd-division/country:us/state:ca/county:yolo/council_district:4,Yolo County Supervisor District 4
ocd-division/country:us/state:ca/county:yolo/council_district:5,Yolo County Supervisor District 5
ocd-division/country:us/state:ca/county:yuba/council_district:1,Yuba County Supervisor District 1
ocd-division/country:us/state:ca/county:yuba/council_district:2,Yuba County Supervisor District 2
ocd-division/country:us/state:ca/county:yuba/council_district:3,Yuba County Supervisor District 3
ocd-division/country:us/state:ca/county:yuba/council_district:4,Yuba County Supervisor District 4
ocd-division/country:us/state:ca/county:yuba/council_district:5,Yuba County Supervisor District 5
ocd-division/country:us/state:ca/place:bakersfield/ward:1,Bakersfield CA - ward 1
ocd-division/country:us/state:ca/place:bakersfield/ward:2,Bakersfield CA - ward 2
ocd-division/country:us/state:ca/place:bakersfield/ward:3,Bakersfield CA - ward 3
ocd-division/country:us/state:ca/place:bakersfield/ward:4,Bakersfield CA - ward 4
ocd-division/country:us/state:ca/place:bakersfield/ward:5,Bakersfield CA - ward 5
ocd-division/country:us/state:ca/place:bakersfield/ward:6,Bakersfield CA - ward 6
ocd-division/country:us/state:ca/place:bakersfield/ward:7,Bakersfield CA - ward 7
ocd-division/country:us/state:ca/place:berkeley/council_district:1,Berkeley CA City Council district 1
ocd-division/country:us/state:ca/place:berkeley/council_district:2,Berkeley CA City Council district 2
ocd-division/country:us/state:ca/place:berkeley/council_district:3,Berkeley CA City Council district 3
ocd-division/country:us/state:ca/place:berkeley/council_district:4,Berkeley CA City Council district 4
ocd-division/country:us/state:ca/place:berkeley/council_district:5,Berkeley CA City Council district 5
ocd-division/country:us/state:ca/place:berkeley/council_district:6,Berkeley CA City Council district 6
ocd-division/country:us/state:ca/place:berkeley/council_district:7,Berkeley CA City Council district 7
ocd-division/country:us/state:ca/place:berkeley/council_district:8,Berkeley CA City Council district 8
ocd-division/country:us/state:ca/place:elk_grove/council_district:1,Elk Grove CA City Council District 1
ocd-division/country:us/state:ca/place:elk_grove/council_district:2,Elk Grove CA City Council District 2
ocd-division/country:us/state:ca/place:elk_grove/council_district:3,Elk Grove CA City Council District 3
ocd-division/country:us/state:ca/place:elk_grove/council_district:4,Elk Grove CA City Council District 4
ocd-division/country:us/state:ca/place:fresno/council_district:1,Fresno CA city council district 1
ocd-division/country:us/state:ca/place:fresno/council_district:2,Fresno CA city council district 2
ocd-division/country:us/state:ca/place:fresno/council_district:3,Fresno CA city council district 3
ocd-division/country:us/state:ca/place:fresno/council_district:4,Fresno CA city council district 4
ocd-division/country:us/state:ca/place:fresno/council_district:5,Fresno CA city council district 5
ocd-division/country:us/state:ca/place:fresno/council_district:6,Fresno CA city council district 6
ocd-division/country:us/state:ca/place:fresno/council_district:7,Fresno CA city council district 7
ocd-division/country:us/state:ca/place:long_beach/council_district:1,Long Beach CA City Council district 1
ocd-division/country:us/state:ca/place:long_beach/council_district:2,Long Beach CA City Council district 2
ocd-division/country:us/state:ca/place:long_beach/council_district:3,Long Beach CA City Council district 3
ocd-division/country:us/state:ca/place:long_beach/council_district:4,Long Beach CA City Council district 4
ocd-division/country:us/state:ca/place:long_beach/council_district:5,Long Beach CA City Council district 5
ocd-division/country:us/state:ca/place:long_beach/council_district:6,Long Beach CA City Council district 6
ocd-division/country:us/state:ca/place:long_beach/council_district:7,Long Beach CA City Council district 7
ocd-division/country:us/state:ca/place:long_beach/council_district:8,Long Beach CA City Council district 8
ocd-division/country:us/state:ca/place:long_beach/council_district:9,Long Beach CA City Council district 9
ocd-division/country:us/state:ca/place:los_angeles/council_district:1,Los Angeles CA city council district 1
ocd-division/country:us/state:ca/place:los_angeles/council_district:2,Los Angeles CA city council district 2
ocd-division/country:us/state:ca/place:los_angeles/council_district:3,Los Angeles CA city council district 3
ocd-division/country:us/state:ca/place:los_angeles/council_district:4,Los Angeles CA city council district 4
ocd-division/country:us/state:ca/place:los_angeles/council_district:5,Los Angeles CA city council district 5
ocd-division/country:us/state:ca/place:los_angeles/council_district:6,Los Angeles CA city council district 6
ocd-division/country:us/state:ca/place:los_angeles/council_district:7,Los Angeles CA city council district 7
ocd-division/country:us/state:ca/place:los_angeles/council_district:8,Los Angeles CA city council district 8
ocd-division/country:us/state:ca/place:los_angeles/council_district:9,Los Angeles CA city council district 9
ocd-division/country:us/state:ca/place:los_angeles/council_district:10,Los Angeles CA city council district 10
ocd-division/country:us/state:ca/place:los_angeles/council_district:11,Los Angeles CA city council district 11
ocd-division/country:us/state:ca/place:los_angeles/council_district:12,Los Angeles CA city council district 12
ocd-division/country:us/state:ca/place:los_angeles/council_district:13,Los Angeles CA city council district 13
ocd-division/country:us/state:ca/place:los_angeles/council_district:14,Los Angeles CA city council district 14
ocd-division/country:us/state:ca/place:los_angeles/council_district:15,Los Angeles CA city council district 15
ocd-division/country:us/state:ca/place:oakland/council_district:1,Oakland CA city council district 1
ocd-division/country:us/state:ca/place:oakland/council_district:2,Oakland CA city council district 2
ocd-division/country:us/state:ca/place:oakland/council_district:3,Oakland CA city council district 3
ocd-division/country:us/state:ca/place:oakland/council_district:4,Oakland CA city council district 4
ocd-division/country:us/state:ca/place:oakland/council_district:5,Oakland CA city council district 5
ocd-division/country:us/state:ca/place:oakland/council_district:6,Oakland CA city council district 6
ocd-division/country:us/state:ca/place:oakland/council_district:7,Oakland CA city council district 7
ocd-division/country:us/state:ca/place:pasadena/council_district:1,Pasadena CA city council district 1
ocd-division/country:us/state:ca/place:pasadena/council_district:2,Pasadena CA city council district 2
ocd-division/country:us/state:ca/place:pasadena/council_district:3,Pasadena CA city council district 3
ocd-division/country:us/state:ca/place:pasadena/council_district:4,Pasadena CA city council district 4
ocd-division/country:us/state:ca/place:pasadena/council_district:5,Pasadena CA city council district 5
ocd-division/country:us/state:ca/place:pasadena/council_district:6,Pasadena CA city council district 6
ocd-division/country:us/state:ca/place:pasadena/council_district:7,Pasadena CA city council district 7
ocd-division/country:us/state:ca/place:riverside/ward:1,Riverside CA City Council ward 1
ocd-division/country:us/state:ca/place:riverside/ward:2,Riverside CA City Council ward 2
ocd-division/country:us/state:ca/place:riverside/ward:3,Riverside CA City Council ward 3
ocd-division/country:us/state:ca/place:riverside/ward:4,Riverside CA City Council ward 4
ocd-division/country:us/state:ca/place:riverside/ward:5,Riverside CA City Council ward 5
ocd-division/country:us/state:ca/place:riverside/ward:6,Riverside CA City Council ward 6
ocd-division/country:us/state:ca/place:riverside/ward:7,Riverside CA City Council ward 7
ocd-division/country:us/state:ca/place:sacramento/council_district:1,Sacramento CA city council district 1
ocd-division/country:us/state:ca/place:sacramento/council_district:2,Sacramento CA city council district 2
ocd-division/country:us/state:ca/place:sacramento/council_district:3,Sacramento CA city council district 3
ocd-division/country:us/state:ca/place:sacramento/council_district:4,Sacramento CA city council district 4
ocd-division/country:us/state:ca/place:sacramento/council_district:5,Sacramento CA city council district 5
ocd-division/country:us/state:ca/place:sacramento/council_district:6,Sacramento CA city council district 6
ocd-division/country:us/state:ca/place:sacramento/council_district:7,Sacramento CA city council district 7
ocd-division/country:us/state:ca/place:sacramento/council_district:8,Sacramento CA city council district 8
ocd-division/country:us/state:ca/place:san_diego/council_district:1,San Diego CA city council district 1
ocd-division/country:us/state:ca/place:san_diego/council_district:2,San Diego CA city council district 2
ocd-division/country:us/state:ca/place:san_diego/council_district:3,San Diego CA city council district 3
ocd-division/country:us/state:ca/place:san_diego/council_district:4,San Diego CA city council district 4
ocd-division/country:us/state:ca/place:san_diego/council_district:5,San Diego CA city council district 5
ocd-division/country:us/state:ca/place:san_diego/council_district:6,San Diego CA city council district 6
ocd-division/country:us/state:ca/place:san_diego/council_district:7,San Diego CA city council district 7
ocd-division/country:us/state:ca/place:san_diego/council_district:8,San Diego CA city council district 8
ocd-division/country:us/state:ca/place:san_diego/council_district:9,San Diego CA city council district 9
ocd-division/country:us/state:ca/place:san_jose/council_district:1,San Jose CA city council district 1
ocd-division/country:us/state:ca/place:san_jose/council_district:2,San Jose CA city council district 2
ocd-division/country:us/state:ca/place:san_jose/council_district:3,San Jose CA city council district 3
ocd-division/country:us/state:ca/place:san_jose/council_district:4,San Jose CA city council district 4
ocd-division/country:us/state:ca/place:san_jose/council_district:5,San Jose CA city council district 5
ocd-division/country:us/state:ca/place:san_jose/council_district:6,San Jose CA city council district 6
ocd-division/country:us/state:ca/place:san_jose/council_district:7,San Jose CA city council district 7
ocd-division/country:us/state:ca/place:san_jose/council_district:8,San Jose CA city council district 8
ocd-division/country:us/state:ca/place:san_jose/council_district:9,San Jose CA city council district 9
ocd-division/country:us/state:ca/place:san_jose/council_district:10,San Jose CA city council district 10
ocd-division/country:us/state:ca/place:santa_ana/ward:1,Santa Ana CA City Council ward 1
ocd-division/country:us/state:ca/place:santa_ana/ward:2,Santa Ana CA City Council ward 2
ocd-division/country:us/state:ca/place:santa_ana/ward:3,Santa Ana CA City Council ward 3
ocd-division/country:us/state:ca/place:santa_ana/ward:4,Santa Ana CA City Council ward 4
ocd-division/country:us/state:ca/place:santa_ana/ward:5,Santa Ana CA City Council ward 5
ocd-division/country:us/state:ca/place:santa_ana/ward:6,Santa Ana CA City Council ward 6
ocd-division/country:us/state:ca/place:stockton/council_district:1,Stockton CA City Council district 1
ocd-division/country:us/state:ca/place:stockton/council_district:2,Stockton CA City Council district 2
ocd-division/country:us/state:ca/place:stockton/council_district:3,Stockton CA City Council district 3
ocd-division/country:us/state:ca/place:stockton/council_district:4,Stockton CA City Council district 4
ocd-division/country:us/state:ca/place:stockton/council_district:5,Stockton CA City Council district 5
ocd-division/country:us/state:ca/place:stockton/council_district:6,Stockton CA City Council district 6
ocd-division/country:us/state:ca/place:modesto/council_district:1,Modesto CA city council district 1
ocd-division/country:us/state:ca/place:modesto/council_district:2,Modesto CA city council district 2
ocd-division/country:us/state:ca/place:modesto/council_district:3,Modesto CA city council district 3
ocd-division/country:us/state:ca/place:modesto/council_district:4,Modesto CA city council district 4
ocd-division/country:us/state:ca/place:modesto/council_district:5,Modesto CA city council district 5
ocd-division/country:us/state:ca/place:modesto/council_district:6,Modesto CA city council district 6
ocd-division/country:us/state:ca/place:moreno_valley/council_district:1,Moreno Valley CA city council district 1
ocd-division/country:us/state:ca/place:moreno_valley/council_district:2,Moreno Valley CA city council district 2
ocd-division/country:us/state:ca/place:moreno_valley/council_district:3,Moreno Valley CA city council district 3
ocd-division/country:us/state:ca/place:moreno_valley/council_district:4,Moreno Valley CA city council district 4
ocd-division/country:us/state:ca/place:moreno_valley/council_district:5,Moreno Valley CA city council district 5
ocd-division/country:us/state:ca/place:san_bernardino/ward:1,San Bernardino CA ward 1
ocd-division/country:us/state:ca/place:san_bernardino/ward:2,San Bernardino CA ward 2
ocd-division/country:us/state:ca/place:san_bernardino/ward:3,San Bernardino CA ward 3
ocd-division/country:us/state:ca/place:san_bernardino/ward:4,San Bernardino CA ward 4
ocd-division/country:us/state:ca/place:san_bernardino/ward:5,San Bernardino CA ward 5
ocd-division/country:us/state:ca/place:san_bernardino/ward:6,San Bernardino CA ward 6
ocd-division/country:us/state:ca/place:san_bernardino/ward:7,San Bernardino CA ward 7
ocd-division/country:us/state:ca/place:pomona/council_district:1,Pomona CA city council district 1
ocd-division/country:us/state:ca/place:pomona/council_district:2,Pomona CA city council district 2
ocd-division/country:us/state:ca/place:pomona/council_district:3,Pomona CA city council district 3
ocd-division/country:us/state:ca/place:pomona/council_district:4,Pomona CA city council district 4
ocd-division/country:us/state:ca/place:pomona/council_district:5,Pomona CA city council district 5
ocd-division/country:us/state:ca/place:pomona/council_district:6,Pomona CA city council district 6
ocd-division/country:us/state:ca/place:salinas/council_district:1,Salinas CA city council district 1
ocd-division/country:us/state:ca/place:salinas/council_district:2,Salinas CA city council district 2
ocd-division/country:us/state:ca/place:salinas/council_district:3,Salinas CA city council district 3
ocd-division/country:us/state:ca/place:salinas/council_district:4,Salinas CA city council district 4
ocd-division/country:us/state:ca/place:salinas/council_district:5,Salinas CA city council district 5
ocd-division/country:us/state:ca/place:salinas/council_district:6,Salinas CA city council district 6
ocd-division/country:us/state:ca/place:downey/council_district:1,Downey CA city council district 1
ocd-division/country:us/state:ca/place:downey/council_district:2,Downey CA city council district 2
ocd-division/country:us/state:ca/place:downey/council_district:3,Downey CA city council district 3
ocd-division/country:us/state:ca/place:downey/council_district:4,Downey CA city council district 4
ocd-division/country:us/state:ca/place:downey/council_district:5,Downey CA city council district 5
ocd-division/country:us/state:ca/place:inglewood/council_district:1,Inglewood CA city council district 1
ocd-division/country:us/state:ca/place:inglewood/council_district:2,Inglewood CA city council district 2
ocd-division/country:us/state:ca/place:inglewood/council_district:3,Inglewood CA city council district 3
ocd-division/country:us/state:ca/place:inglewood/council_district:4,Inglewood CA city council district 4
ocd-division/country:us/state:ca/county:los_angeles/health_care:antelope_valley,Antelope Valley Health Care
ocd-division/country:us/state:ca/county:los_angeles/health_care:beach_cities,Beach Cities Health Care
ocd-division/country:us/state:ca/county:los_angeles/water:castaic_lake_water_agency,Castaic Lake Water Agency
ocd-division/country:us/state:ca/county:los_angeles/water:castaic_lake_water_agency/region:1,Castaic Lake Water Agency Division 1
ocd-division/country:us/state:ca/place:palmdale/council_district:1,City Of Palmdale 1st Council
ocd-division/country:us/state:ca/place:palmdale/council_district:2,City Of Palmdale 2nd Council
ocd-division/country:us/state:ca/place:palmdale/council_district:3,City Of Palmdale 3rd Council
ocd-division/country:us/state:ca/place:palmdale/council_district:4,City Of Palmdale 4th Council
ocd-division/country:us/state:ca/county:los_angeles/water:castaic_lake_water_agency/region:2,Castaic Lake Water Agency Division 2
ocd-division/country:us/state:ca/county:los_angeles/water:central_basin_municipal/region:1,Central Basin Municipal Water Division 1
ocd-division/country:us/state:ca/county:los_angeles/water:central_basin_municipal/region:4,Central Basin Municipal Water Division 4
ocd-division/country:us/state:ca/county:los_angeles/water:central_basin_municipal/region:5,Central Basin Municipal Water Division 5
ocd-division/country:us/state:ca/county:los_angeles/water:replenishment_district_of_southern_california/region:2,Water Replenishment District Of Southern California Division 2
ocd-division/country:us/state:ca/county:los_angeles/water:replenishment_district_of_southern_california/region:5,Water Replenishment District Of Southern California Division 5
ocd-division/country:us/state:ca/county:los_angeles/water:san_gabriel_valley_municipal/region:2,San Gabriel Valley Municipal Water Division 2
ocd-division/country:us/state:ca/county:los_angeles/water:three_valleys_municipal/region:6,Three Valleys Municipal Water Division 6
ocd-division/country:us/state:ca/county:los_angeles/water:upper_san_gabriel_valley_municipal/region:3,Upper San Gabriel Valley Municipal Water Division 3
ocd-division/country:us/state:ca/county:los_angeles/water:upper_san_gabriel_valley_municipal/region:4,Upper San Gabriel Valley Municipal Water Division 4
ocd-division/country:us/state:ca/county:los_angeles/water:west_basin_municipal/region:5,West Basin Municipal Water Division 5
ocd-division/country:us/state:ca/county:los_angeles/water:central_basin_municipal,Central Basin Municipal Water
ocd-division/country:us/state:ca/county:los_angeles/water:replenishment_district_of_southern_california,Water Replenishment District Of Southern California
ocd-division/country:us/state:ca/county:los_angeles/water:san_gabriel_valley_municipal,San Gabriel Valley Municipal Water
ocd-division/country:us/state:ca/county:los_angeles/water:three_valleys_municipal,Three Valleys Municipal Water
ocd-division/country:us/state:ca/county:los_angeles/water:upper_san_gabriel_valley_municipal,Upper San Gabriel Valley Municipal Water
ocd-division/country:us/state:ca/county:los_angeles/water:west_basin_municipal,West Basin Municipal Water
