ocd-division/country:us/state:mt/county:beaverhead/council_district:1,Beaverhead County District 1
ocd-division/country:us/state:mt/county:beaverhead/council_district:2,Beaverhead County District 2
ocd-division/country:us/state:mt/county:beaverhead/council_district:3,Beaverhead County District 3
ocd-division/country:us/state:mt/county:big_horn/council_district:1,Big Horn County District 1
ocd-division/country:us/state:mt/county:big_horn/council_district:2,Big Horn County District 2
ocd-division/country:us/state:mt/county:big_horn/council_district:3,Big Horn County District 3
ocd-division/country:us/state:mt/county:broadwater/council_district:1,Broadwater County District 1
ocd-division/country:us/state:mt/county:broadwater/council_district:2,Broadwater County District 2
ocd-division/country:us/state:mt/county:broadwater/council_district:3,Broadwater County District 3
ocd-division/country:us/state:mt/county:cascade/council_district:1,Cascade County District 1
ocd-division/country:us/state:mt/county:cascade/council_district:2,Cascade County District 2
ocd-division/country:us/state:mt/county:cascade/council_district:3,Cascade County District 3
ocd-division/country:us/state:mt/county:dawson/council_district:1,Dawson County District 1
ocd-division/country:us/state:mt/county:dawson/council_district:2,Dawson County District 2
ocd-division/country:us/state:mt/county:dawson/council_district:3,Dawson County District 3
ocd-division/country:us/state:mt/county:deer_lodge/council_district:1,Deer Lodge County District 1
ocd-division/country:us/state:mt/county:deer_lodge/council_district:2,Deer Lodge County District 2
ocd-division/country:us/state:mt/county:deer_lodge/council_district:3,Deer Lodge County District 3
ocd-division/country:us/state:mt/county:deer_lodge/council_district:4,Deer Lodge County District 4
ocd-division/country:us/state:mt/county:deer_lodge/council_district:5,Deer Lodge County District 5
ocd-division/country:us/state:mt/county:fergus/council_district:1,Fergus County District 1
ocd-division/country:us/state:mt/county:fergus/council_district:2,Fergus County District 2
ocd-division/country:us/state:mt/county:fergus/council_district:3,Fergus County District 3
ocd-division/country:us/state:mt/county:flathead/council_district:1,Flathead County District 1
ocd-division/country:us/state:mt/county:flathead/council_district:2,Flathead County District 2
ocd-division/country:us/state:mt/county:flathead/council_district:3,Flathead County District 3
ocd-division/country:us/state:mt/county:garfield/council_district:1,Garfield County District 1
ocd-division/country:us/state:mt/county:garfield/council_district:2,Garfield County District 2
ocd-division/country:us/state:mt/county:garfield/council_district:3,Garfield County District 3
ocd-division/country:us/state:mt/county:jefferson/council_district:1,Jefferson County District 1
ocd-division/country:us/state:mt/county:jefferson/council_district:2,Jefferson County District 2
ocd-division/country:us/state:mt/county:jefferson/council_district:3,Jefferson County District 3
ocd-division/country:us/state:mt/county:lincoln/council_district:1,Lincoln County District 1 (Libby)
ocd-division/country:us/state:mt/county:lincoln/council_district:2,Lincoln County District 2 (Troy)
ocd-division/country:us/state:mt/county:lincoln/council_district:3,Lincoln County District 3 (Eureka)
ocd-division/country:us/state:mt/county:madison/council_district:1,Madison County District 1
ocd-division/country:us/state:mt/county:madison/council_district:2,Madison County District 2
ocd-division/country:us/state:mt/county:madison/council_district:3,Madison County District 3
ocd-division/country:us/state:mt/county:mccone/council_district:1,McCone County District 1
ocd-division/country:us/state:mt/county:mccone/council_district:2,McCone County District 2
ocd-division/country:us/state:mt/county:mccone/council_district:3,McCone County District 3
ocd-division/country:us/state:mt/county:park/council_district:1,Park County District 1
ocd-division/country:us/state:mt/county:park/council_district:2,Park County District 2
ocd-division/country:us/state:mt/county:park/council_district:3,Park County District 3
ocd-division/country:us/state:mt/county:powell/council_district:1,Powell County District 1
ocd-division/country:us/state:mt/county:powell/council_district:2,Powell County District 2
ocd-division/country:us/state:mt/county:powell/council_district:3,Powell County District 3
ocd-division/country:us/state:mt/county:prairie/council_district:1,Prairie County District 1
ocd-division/country:us/state:mt/county:prairie/council_district:2,Prairie County District 2
ocd-division/country:us/state:mt/county:prairie/council_district:3,Prairie County District 3
ocd-division/country:us/state:mt/county:ravalli/council_district:1,Ravalli County District 1
ocd-division/country:us/state:mt/county:ravalli/council_district:2,Ravalli County District 2
ocd-division/country:us/state:mt/county:ravalli/council_district:3,Ravalli County District 3
ocd-division/country:us/state:mt/county:ravalli/council_district:4,Ravalli County District 4
ocd-division/country:us/state:mt/county:ravalli/council_district:5,Ravalli County District 5
ocd-division/country:us/state:mt/county:richland/council_district:1,Richland County District 1
ocd-division/country:us/state:mt/county:richland/council_district:2,Richland County District 2
ocd-division/country:us/state:mt/county:richland/council_district:3,Richland County District 3
ocd-division/country:us/state:mt/county:roosevelt/council_district:1,Roosevelt County District 1
ocd-division/country:us/state:mt/county:roosevelt/council_district:2,Roosevelt County District 2
ocd-division/country:us/state:mt/county:roosevelt/council_district:3,Roosevelt County District 3
ocd-division/country:us/state:mt/county:sanders/council_district:1,Sanders County District 1
ocd-division/country:us/state:mt/county:sanders/council_district:2,Sanders County District 2
ocd-division/country:us/state:mt/county:sanders/council_district:3,Sanders County District 3
ocd-division/country:us/state:mt/county:sheridan/council_district:1,Sheridan County District 1
ocd-division/country:us/state:mt/county:sheridan/council_district:2,Sheridan County District 2
ocd-division/country:us/state:mt/county:sheridan/council_district:3,Sheridan County District 3
ocd-division/country:us/state:mt/county:silver_bow/council_district:1,Silver Bow County District 1
ocd-division/country:us/state:mt/county:silver_bow/council_district:2,Silver Bow County District 2
ocd-division/country:us/state:mt/county:silver_bow/council_district:3,Silver Bow County District 3
ocd-division/country:us/state:mt/county:silver_bow/council_district:4,Silver Bow County District 4
ocd-division/country:us/state:mt/county:silver_bow/council_district:5,Silver Bow County District 5
ocd-division/country:us/state:mt/county:silver_bow/council_district:6,Silver Bow County District 6
ocd-division/country:us/state:mt/county:silver_bow/council_district:7,Silver Bow County District 7
ocd-division/country:us/state:mt/county:silver_bow/council_district:8,Silver Bow County District 8
ocd-division/country:us/state:mt/county:silver_bow/council_district:9,Silver Bow County District 9
ocd-division/country:us/state:mt/county:silver_bow/council_district:10,Silver Bow County District 10
ocd-division/country:us/state:mt/county:silver_bow/council_district:11,Silver Bow County District 11
ocd-division/country:us/state:mt/county:silver_bow/council_district:12,Silver Bow County District 12
ocd-division/country:us/state:mt/county:stillwater/council_district:1,Stillwater County District 1
ocd-division/country:us/state:mt/county:stillwater/council_district:2,Stillwater County District 2
ocd-division/country:us/state:mt/county:stillwater/council_district:3,Stillwater County District 3
ocd-division/country:us/state:mt/county:toole/council_district:1,Toole County District 1
ocd-division/country:us/state:mt/county:toole/council_district:2,Toole County District 2
ocd-division/country:us/state:mt/county:toole/council_district:3,Toole County District 3
ocd-division/country:us/state:mt/county:yellowstone/council_district:1,Yellowstone County District 1
ocd-division/country:us/state:mt/county:yellowstone/council_district:2,Yellowstone County District 2
ocd-division/country:us/state:mt/county:yellowstone/council_district:3,Yellowstone County District 3
ocd-division/country:us/state:mt/place:billings/ward:1,Billings MT - ward 1
ocd-division/country:us/state:mt/place:billings/ward:2,Billings MT - ward 2
ocd-division/country:us/state:mt/place:billings/ward:3,Billings MT - ward 3
ocd-division/country:us/state:mt/place:billings/ward:4,Billings MT - ward 4
ocd-division/country:us/state:mt/place:billings/ward:5,Billings MT - ward 5
